lat,lon,bonitet,лён,картофель,овёс,рожь,пшеница
57.375,38.391,73,ограниченно пригодная,ограниченно пригодная,ограниченно пригодная,непригодная,непригодная
57.843,37.573,68,ограниченно пригодная,ограниченно пригодная,ограниченно пригодная,ограниченно пригодная,непригодная
57.277,39.035,73,ограниченно пригодная,ограниченно пригодная,ограниченно пригодная,ограниченно пригодная,непригодная
58.02,38.854,48,ограниченно пригодная,ограниченно пригодная,ограниченно пригодная,ограниченно пригодная,непригодная
57.853,39.297,50,ограниченно пригодная,ограниченно пригодная,ограниченно пригодная,ограниченно пригодная,непригодная
57.824,38.389,71,ограниченно пригодная,ограниченно пригодная,ограниченно пригодная,ограниченно пригодная,непригодная
57.681,38.014,68,ограниченно пригодная,ограниченно пригодная,ограниченно пригодная,подходящая,непригодная
57.502,39.562,73,ограниченно пригодная,ограниченно пригодная,ограниченно пригодная,ограниченно пригодная,непригодная
58.011,40.667,52,ограниченно пригодная,ограниченно пригодная,ограниченно пригодная,ограниченно пригодная,непригодная
58.3,39.686,44,ограниченно пригодная,ограниченно пригодная,ограниченно пригодная,непригодная,непригодная
57.853,38.486,78,ограниченно пригодная,ограниченно пригодная,ограниченно пригодная,ограниченно пригодная,непригодная
58.677,38.981,49,непригодная,непригодная,непригодная,непригодная,непригодная
58.697,37.993,48,ограниченно пригодная,ограниченно пригодная,ограниченно пригодная,непригодная,непригодная
58.305,38.938,44,ограниченно пригодная,ограниченно пригодная,ограниченно пригодная,ограниченно пригодная,непригодная
57.786,38.007,68,ограниченно пригодная,ограниченно пригодная,ограниченно пригодная,подходящая,непригодная
58.756,39.586,49,непригодная,ограниченно пригодная,непригодная,непригодная,непригодная
58.341,39.873,49,непригодная,ограниченно пригодная,непригодная,непригодная,непригодная
58.618,39.998,49,ограниченно пригодная,ограниченно пригодная,ограниченно пригодная,ограниченно пригодная,непригодная
57.903,37.765,73,ограниченно пригодная,ограниченно пригодная,ограниченно пригодная,непригодная,непригодная
58.72,39.046,48,непригодная,непригодная,непригодная,непригодная,непригодная
57.789,38.26,78,ограниченно пригодная,ограниченно пригодная,ограниченно пригодная,ограниченно пригодная,непригодная
57.153,39.559,76,ограниченно пригодная,ограниченно пригодная,ограниченно пригодная,подходящая,непригодная
57.903,39.32,65,ограниченно пригодная,ограниченно пригодная,ограниченно пригодная,непригодная,непригодная
58.403,39.932,49,ограниченно пригодная,ограниченно пригодная,ограниченно пригодная,непригодная,непригодная
58.73,39.984,49,ограниченно пригодная,ограниченно пригодная,ограниченно пригодная,непригодная,непригодная
58.558,38.68,48,непригодная,непригодная,непригодная,ограниченно пригодная,непригодная
58.312,38.409,52,ограниченно пригодная,ограниченно пригодная,ограниченно пригодная,ограниченно пригодная,непригодная
58.211,39.272,49,ограниченно пригодная,ограниченно пригодная,ограниченно пригодная,непригодная,непригодная
57.867,37.659,73,ограниченно пригодная,ограниченно пригодная,ограниченно пригодная,ограниченно пригодная,непригодная
57.705,38.542,68,ограниченно пригодная,ограниченно пригодная,ограниченно пригодная,ограниченно пригодная,непригодная
57.8,38.468,78,ограниченно пригодная,ограниченно пригодная,ограниченно пригодная,ограниченно пригодная,непригодная
58.479,40.33,48,непригодная,ограниченно пригодная,непригодная,непригодная,непригодная
57.973,37.446,71,ограниченно пригодная,ограниченно пригодная,ограниченно пригодная,подходящая,непригодная
57.129,38.707,73,ограниченно пригодная,ограниченно пригодная,ограниченно пригодная,ограниченно пригодная,непригодная
58.023,38.19,50,ограниченно пригодная,ограниченно пригодная,ограниченно пригодная,ограниченно пригодная,непригодная
57.662,38.077,78,ограниченно пригодная,ограниченно пригодная,ограниченно пригодная,подходящая,непригодная
57.523,39.776,65,ограниченно пригодная,ограниченно пригодная,ограниченно пригодная,ограниченно пригодная,непригодная
57.581,38.149,71,ограниченно пригодная,ограниченно пригодная,ограниченно пригодная,ограниченно пригодная,непригодная
56.907,39.033,56,ограниченно пригодная,ограниченно пригодная,ограниченно пригодная,непригодная,непригодная
58.233,39.223,53,ограниченно пригодная,ограниченно пригодная,ограниченно пригодная,ограниченно пригодная,непригодная
58.114,38.339,52,ограниченно пригодная,ограниченно пригодная,ограниченно пригодная,непригодная,непригодная
57.456,39.071,66,ограниченно пригодная,ограниченно пригодная,ограниченно пригодная,непригодная,непригодная
58.154,37.803,56,ограниченно пригодная,ограниченно пригодная,ограниченно пригодная,ограниченно пригодная,непригодная
57.736,37.724,68,ограниченно пригодная,ограниченно пригодная,ограниченно пригодная,подходящая,ограниченно пригодная
58.9,39.254,48,непригодная,непригодная,непригодная,непригодная,непригодная
57.521,39.067,61,ограниченно пригодная,ограниченно пригодная,ограниченно пригодная,непригодная,непригодная
58.393,40.886,48,ограниченно пригодная,ограниченно пригодная,ограниченно пригодная,ограниченно пригодная,непригодная
58.41,39.157,53,ограниченно пригодная,ограниченно пригодная,ограниченно пригодная,ограниченно пригодная,непригодная
57.136,39.794,68,ограниченно пригодная,ограниченно пригодная,ограниченно пригодная,непригодная,непригодная
57.583,39.092,63,ограниченно пригодная,ограниченно пригодная,ограниченно пригодная,ограниченно пригодная,непригодная
58.916,39.354,44,ограниченно пригодная,ограниченно пригодная,ограниченно пригодная,ограниченно пригодная,непригодная
58.424,40.68,49,непригодная,непригодная,непригодная,непригодная,непригодная
57.75,38.072,68,ограниченно пригодная,ограниченно пригодная,ограниченно пригодная,ограниченно пригодная,непригодная
57.119,39.532,66,ограниченно пригодная,ограниченно пригодная,ограниченно пригодная,ограниченно пригодная,непригодная
57.951,38.545,73,ограниченно пригодная,ограниченно пригодная,ограниченно пригодная,непригодная,непригодная
58.711,38.42,53,ограниченно пригодная,ограниченно пригодная,ограниченно пригодная,ограниченно пригодная,непригодная
58.233,37.821,52,ограниченно пригодная,ограниченно пригодная,ограниченно пригодная,ограниченно пригодная,непригодная
58.004,39.528,48,ограниченно пригодная,ограниченно пригодная,ограниченно пригодная,ограниченно пригодная,непригодная
58.238,37.419,49,ограниченно пригодная,ограниченно пригодная,ограниченно пригодная,ограниченно пригодная,непригодная
58.701,38.16,52,ограниченно пригодная,ограниченно пригодная,ограниченно пригодная,ограниченно пригодная,непригодная
58.333,39.928,49,непригодная,ограниченно пригодная,непригодная,непригодная,непригодная
58.541,40.009,48,непригодная,ограниченно пригодная,непригодная,непригодная,непригодная
58.74,39.614,53,непригодная,ограниченно пригодная,непригодная,непригодная,непригодная
58.458,39.876,52,ограниченно пригодная,ограниченно пригодная,ограниченно пригодная,непригодная,непригодная
57.906,38.678,68,ограниченно пригодная,ограниченно пригодная,ограниченно пригодная,непригодная,непригодная
56.625,38.757,78,ограниченно пригодная,ограниченно пригодная,ограниченно пригодная,ограниченно пригодная,непригодная
57.306,38.47,73,ограниченно пригодная,ограниченно пригодная,ограниченно пригодная,ограниченно пригодная,непригодная
58.082,37.941,44,ограниченно пригодная,ограниченно пригодная,ограниченно пригодная,ограниченно пригодная,непригодная
57.698,37.982,73,ограниченно пригодная,ограниченно пригодная,ограниченно пригодная,ограниченно пригодная,непригодная
57.731,38.513,73,ограниченно пригодная,ограниченно пригодная,ограниченно пригодная,ограниченно пригодная,непригодная
57.523,39.937,65,ограниченно пригодная,ограниченно пригодная,ограниченно пригодная,подходящая,непригодная
56.596,38.762,63,ограниченно пригодная,ограниченно пригодная,ограниченно пригодная,ограниченно пригодная,непригодная
57.275,38.958,68,ограниченно пригодная,ограниченно пригодная,ограниченно пригодная,непригодная,непригодная
56.9,39.234,61,ограниченно пригодная,ограниченно пригодная,ограниченно пригодная,непригодная,непригодная
58.235,38.063,48,ограниченно пригодная,ограниченно пригодная,ограниченно пригодная,ограниченно пригодная,непригодная
58.811,39.252,52,ограниченно пригодная,ограниченно пригодная,ограниченно пригодная,непригодная,непригодная
58.333,37.91,48,ограниченно пригодная,ограниченно пригодная,ограниченно пригодная,ограниченно пригодная,непригодная
57.789,37.618,68,ограниченно пригодная,ограниченно пригодная,ограниченно пригодная,подходящая,ограниченно пригодная
57.8,38.807,70,ограниченно пригодная,ограниченно пригодная,ограниченно пригодная,ограниченно пригодная,непригодная
57.545,39.218,68,ограниченно пригодная,ограниченно пригодная,ограниченно пригодная,непригодная,непригодная
57.707,40.296,66,ограниченно пригодная,ограниченно пригодная,ограниченно пригодная,подходящая,непригодная
57.361,39.819,58,непригодная,ограниченно пригодная,непригодная,непригодная,непригодная
58.032,38.434,50,непригодная,ограниченно пригодная,непригодная,непригодная,непригодная
58.24,39.652,49,ограниченно пригодная,ограниченно пригодная,ограниченно пригодная,непригодная,непригодная
57.418,38.567,71,ограниченно пригодная,ограниченно пригодная,ограниченно пригодная,ограниченно пригодная,непригодная
58.524,40.676,48,ограниченно пригодная,ограниченно пригодная,ограниченно пригодная,непригодная,непригодная
58.161,37.774,56,ограниченно пригодная,ограниченно пригодная,ограниченно пригодная,ограниченно пригодная,непригодная
57.246,40.115,64,ограниченно пригодная,ограниченно пригодная,ограниченно пригодная,непригодная,непригодная
57.927,40.267,66,ограниченно пригодная,ограниченно пригодная,ограниченно пригодная,непригодная,непригодная
57.934,38.581,68,ограниченно пригодная,ограниченно пригодная,ограниченно пригодная,ограниченно пригодная,непригодная
57.27,39.792,63,ограниченно пригодная,ограниченно пригодная,ограниченно пригодная,непригодная,непригодная
58.044,39.431,49,непригодная,ограниченно пригодная,непригодная,непригодная,непригодная
58.094,37.873,48,ограниченно пригодная,ограниченно пригодная,ограниченно пригодная,ограниченно пригодная,непригодная
58.735,39.354,53,ограниченно пригодная,ограниченно пригодная,ограниченно пригодная,непригодная,непригодная
58.436,37.797,50,ограниченно пригодная,ограниченно пригодная,ограниченно пригодная,ограниченно пригодная,непригодная
57.75,38.097,73,ограниченно пригодная,ограниченно пригодная,ограниченно пригодная,ограниченно пригодная,непригодная
58.245,40.712,52,ограниченно пригодная,ограниченно пригодная,ограниченно пригодная,непригодная,непригодная
58.309,38.61,50,ограниченно пригодная,ограниченно пригодная,ограниченно пригодная,ограниченно пригодная,непригодная
58.192,38.764,48,непригодная,непригодная,непригодная,ограниченно пригодная,непригодная
57.76,40.294,69,непригодная,ограниченно пригодная,непригодная,непригодная,непригодная
58.395,39.254,49,ограниченно пригодная,ограниченно пригодная,ограниченно пригодная,ограниченно пригодная,непригодная
57.124,39.882,68,ограниченно пригодная,ограниченно пригодная,ограниченно пригодная,непригодная,непригодная
57.191,38.99,73,ограниченно пригодная,ограниченно пригодная,ограниченно пригодная,ограниченно пригодная,непригодная
57.516,39.783,58,ограниченно пригодная,ограниченно пригодная,ограниченно пригодная,непригодная,непригодная
57.413,39.919,68,ограниченно пригодная,ограниченно пригодная,ограниченно пригодная,ограниченно пригодная,непригодная
58.319,40.147,48,непригодная,ограниченно пригодная,непригодная,непригодная,непригодная
57.547,40.357,66,ограниченно пригодная,ограниченно пригодная,ограниченно пригодная,ограниченно пригодная,непригодная
58.427,39.363,48,непригодная,ограниченно пригодная,непригодная,непригодная,непригодная
57.791,39.58,60,ограниченно пригодная,ограниченно пригодная,ограниченно пригодная,ограниченно пригодная,непригодная
57.356,38.165,71,непригодная,ограниченно пригодная,непригодная,непригодная,непригодная
56.83,38.694,61,ограниченно пригодная,ограниченно пригодная,ограниченно пригодная,подходящая,ограниченно пригодная
57.977,38.748,78,ограниченно пригодная,ограниченно пригодная,ограниченно пригодная,ограниченно пригодная,непригодная
57.791,39.173,70,ограниченно пригодная,ограниченно пригодная,ограниченно пригодная,ограниченно пригодная,непригодная
57.817,40.346,61,непригодная,ограниченно пригодная,непригодная,непригодная,непригодная
58.587,38.346,52,ограниченно пригодная,ограниченно пригодная,ограниченно пригодная,непригодная,непригодная
57.33,40.364,69,ограниченно пригодная,ограниченно пригодная,ограниченно пригодная,непригодная,непригодная
58.372,40.325,49,ограниченно пригодная,ограниченно пригодная,ограниченно пригодная,непригодная,непригодная
57.521,38.059,66,ограниченно пригодная,ограниченно пригодная,ограниченно пригодная,ограниченно пригодная,непригодная
57.765,39.153,70,ограниченно пригодная,ограниченно пригодная,ограниченно пригодная,ограниченно пригодная,непригодная
57.401,39.189,61,ограниченно пригодная,ограниченно пригодная,ограниченно пригодная,непригодная,непригодная
57.385,38.529,73,ограниченно пригодная,ограниченно пригодная,ограниченно пригодная,ограниченно пригодная,непригодная
58.768,39.537,48,ограниченно пригодная,ограниченно пригодная,ограниченно пригодная,непригодная,непригодная
57.671,38.077,78,ограниченно пригодная,ограниченно пригодная,ограниченно пригодная,подходящая,непригодная
58.147,39.173,48,непригодная,ограниченно пригодная,непригодная,непригодная,непригодная
58.207,39.123,48,непригодная,ограниченно пригодная,непригодная,непригодная,непригодная
56.708,38.651,66,ограниченно пригодная,ограниченно пригодная,ограниченно пригодная,ограниченно пригодная,непригодная
57.504,38.906,73,ограниченно пригодная,ограниченно пригодная,ограниченно пригодная,ограниченно пригодная,непригодная
57.084,38.522,68,ограниченно пригодная,ограниченно пригодная,ограниченно пригодная,ограниченно пригодная,непригодная
58.694,38.832,49,ограниченно пригодная,ограниченно пригодная,ограниченно пригодная,непригодная,непригодная
58.157,39.892,48,ограниченно пригодная,ограниченно пригодная,ограниченно пригодная,непригодная,непригодная
57.134,39.546,71,ограниченно пригодная,ограниченно пригодная,ограниченно пригодная,подходящая,непригодная
58.054,38.513,48,ограниченно пригодная,ограниченно пригодная,ограниченно пригодная,ограниченно пригодная,непригодная
57.769,39.525,70,ограниченно пригодная,ограниченно пригодная,ограниченно пригодная,непригодная,непригодная
58.486,37.984,53,ограниченно пригодная,ограниченно пригодная,ограниченно пригодная,ограниченно пригодная,непригодная
57.198,39.049,63,непригодная,ограниченно пригодная,непригодная,непригодная,непригодная
57.832,38.696,76,ограниченно пригодная,ограниченно пригодная,ограниченно пригодная,ограниченно пригодная,непригодная
58.314,39.268,48,ограниченно пригодная,ограниченно пригодная,ограниченно пригодная,ограниченно пригодная,непригодная
58.565,39.986,49,ограниченно пригодная,ограниченно пригодная,ограниченно пригодная,непригодная,непригодная
56.847,38.798,68,непригодная,ограниченно пригодная,непригодная,непригодная,непригодная
57.982,37.937,73,ограниченно пригодная,ограниченно пригодная,ограниченно пригодная,ограниченно пригодная,непригодная
58.173,40.208,52,ограниченно пригодная,ограниченно пригодная,ограниченно пригодная,непригодная,непригодная
58.448,38.145,48,ограниченно пригодная,ограниченно пригодная,ограниченно пригодная,ограниченно пригодная,непригодная
57.554,38.366,71,ограниченно пригодная,ограниченно пригодная,ограниченно пригодная,ограниченно пригодная,непригодная
58.704,38.805,48,непригодная,ограниченно пригодная,непригодная,непригодная,непригодная
58.434,38.843,49,ограниченно пригодная,ограниченно пригодная,ограниченно пригодная,ограниченно пригодная,непригодная
57.146,38.364,73,непригодная,ограниченно пригодная,непригодная,непригодная,непригодная
58.075,37.975,48,ограниченно пригодная,ограниченно пригодная,ограниченно пригодная,ограниченно пригодная,непригодная
58.675,40.016,49,ограниченно пригодная,ограниченно пригодная,ограниченно пригодная,ограниченно пригодная,непригодная
57.973,40.181,69,ограниченно пригодная,ограниченно пригодная,ограниченно пригодная,ограниченно пригодная,непригодная
58.075,40.07,53,ограниченно пригодная,ограниченно пригодная,ограниченно пригодная,ограниченно пригодная,непригодная
57.784,40.066,64,ограниченно пригодная,ограниченно пригодная,ограниченно пригодная,ограниченно пригодная,непригодная
56.677,38.581,68,ограниченно пригодная,ограниченно пригодная,ограниченно пригодная,ограниченно пригодная,непригодная
57.507,39.236,60,ограниченно пригодная,ограниченно пригодная,ограниченно пригодная,ограниченно пригодная,непригодная
58.039,38.341,49,ограниченно пригодная,ограниченно пригодная,ограниченно пригодная,ограниченно пригодная,непригодная
58.221,38.753,46,непригодная,непригодная,непригодная,ограниченно пригодная,непригодная
57.836,40.603,69,ограниченно пригодная,ограниченно пригодная,ограниченно пригодная,ограниченно пригодная,непригодная
58.608,38.893,44,ограниченно пригодная,ограниченно пригодная,ограниченно пригодная,ограниченно пригодная,непригодная
57.53,39.855,65,ограниченно пригодная,ограниченно пригодная,ограниченно пригодная,ограниченно пригодная,непригодная
58.503,39.087,48,ограниченно пригодная,ограниченно пригодная,ограниченно пригодная,непригодная,непригодная
58.861,39.659,48,ограниченно пригодная,ограниченно пригодная,ограниченно пригодная,ограниченно пригодная,непригодная
57.339,39.123,68,ограниченно пригодная,ограниченно пригодная,ограниченно пригодная,ограниченно пригодная,непригодная
56.763,38.382,73,ограниченно пригодная,ограниченно пригодная,ограниченно пригодная,ограниченно пригодная,непригодная
57.918,40.179,51,ограниченно пригодная,ограниченно пригодная,ограниченно пригодная,непригодная,непригодная
58.441,40.782,49,непригодная,ограниченно пригодная,непригодная,непригодная,непригодная
58.579,38.348,50,непригодная,ограниченно пригодная,непригодная,непригодная,непригодная
57.781,38.481,78,ограниченно пригодная,ограниченно пригодная,ограниченно пригодная,ограниченно пригодная,непригодная
58.484,39.033,52,ограниченно пригодная,ограниченно пригодная,ограниченно пригодная,непригодная,непригодная
58.472,38.16,52,ограниченно пригодная,ограниченно пригодная,ограниченно пригодная,ограниченно пригодная,непригодная
58.157,39.193,48,непригодная,ограниченно пригодная,непригодная,непригодная,непригодная
56.799,38.597,61,ограниченно пригодная,ограниченно пригодная,ограниченно пригодная,непригодная,непригодная
57.523,39.568,73,ограниченно пригодная,ограниченно пригодная,ограниченно пригодная,ограниченно пригодная,ограниченно пригодная
57.891,39.93,70,непригодная,ограниченно пригодная,непригодная,непригодная,непригодная
58.737,39.831,49,ограниченно пригодная,ограниченно пригодная,ограниченно пригодная,ограниченно пригодная,непригодная
58.458,39.801,48,непригодная,ограниченно пригодная,непригодная,непригодная,непригодная
58.73,39.598,52,непригодная,ограниченно пригодная,непригодная,непригодная,непригодная
58.173,38.786,46,непригодная,непригодная,непригодная,ограниченно пригодная,непригодная
57.502,39.27,63,ограниченно пригодная,ограниченно пригодная,ограниченно пригодная,непригодная,непригодная
57.139,38.809,71,непригодная,ограниченно пригодная,непригодная,непригодная,непригодная
57.449,39.659,63,ограниченно пригодная,ограниченно пригодная,ограниченно пригодная,непригодная,непригодная
58.333,39.388,49,непригодная,ограниченно пригодная,непригодная,непригодная,непригодная
57.779,38.676,73,ограниченно пригодная,ограниченно пригодная,ограниченно пригодная,непригодная,непригодная
57.382,39.713,68,ограниченно пригодная,ограниченно пригодная,ограниченно пригодная,непригодная,непригодная
57.385,39.223,56,ограниченно пригодная,ограниченно пригодная,ограниченно пригодная,непригодная,непригодная
57.432,38.786,66,ограниченно пригодная,ограниченно пригодная,ограниченно пригодная,непригодная,непригодная
58.341,40.829,48,ограниченно пригодная,ограниченно пригодная,ограниченно пригодная,непригодная,непригодная
57.6,39.729,71,ограниченно пригодная,ограниченно пригодная,ограниченно пригодная,ограниченно пригодная,ограниченно пригодная
57.502,37.932,68,ограниченно пригодная,ограниченно пригодная,ограниченно пригодная,ограниченно пригодная,непригодная
58.333,40.115,48,непригодная,ограниченно пригодная,непригодная,непригодная,непригодная
56.761,38.527,66,ограниченно пригодная,ограниченно пригодная,ограниченно пригодная,ограниченно пригодная,непригодная
57.934,39.164,68,ограниченно пригодная,ограниченно пригодная,ограниченно пригодная,ограниченно пригодная,непригодная
57.607,38.759,73,ограниченно пригодная,ограниченно пригодная,ограниченно пригодная,непригодная,непригодная
56.976,39.046,68,ограниченно пригодная,ограниченно пригодная,ограниченно пригодная,ограниченно пригодная,непригодная
57.961,38.563,68,ограниченно пригодная,ограниченно пригодная,ограниченно пригодная,непригодная,непригодная
57.908,39.354,65,ограниченно пригодная,ограниченно пригодная,ограниченно пригодная,ограниченно пригодная,непригодная
56.649,39.096,58,ограниченно пригодная,ограниченно пригодная,ограниченно пригодная,ограниченно пригодная,непригодная
57.645,38.443,68,ограниченно пригодная,ограниченно пригодная,ограниченно пригодная,ограниченно пригодная,непригодная
58.486,38.825,44,ограниченно пригодная,ограниченно пригодная,ограниченно пригодная,ограниченно пригодная,непригодная
56.577,38.96,71,ограниченно пригодная,ограниченно пригодная,ограниченно пригодная,непригодная,непригодная
58.219,37.982,48,ограниченно пригодная,ограниченно пригодная,ограниченно пригодная,ограниченно пригодная,непригодная
57.798,39.017,56,непригодная,ограниченно пригодная,непригодная,непригодная,непригодная
58.529,39.708,48,непригодная,ограниченно пригодная,непригодная,непригодная,непригодная
56.935,39.372,68,ограниченно пригодная,ограниченно пригодная,ограниченно пригодная,непригодная,непригодная
57.227,38.574,73,ограниченно пригодная,ограниченно пригодная,ограниченно пригодная,ограниченно пригодная,непригодная
57.624,39.58,65,ограниченно пригодная,ограниченно пригодная,ограниченно пригодная,ограниченно пригодная,непригодная
58.035,39.932,45,ограниченно пригодная,ограниченно пригодная,ограниченно пригодная,ограниченно пригодная,непригодная
58.496,37.941,52,ограниченно пригодная,ограниченно пригодная,ограниченно пригодная,ограниченно пригодная,непригодная
58.216,37.625,48,ограниченно пригодная,ограниченно пригодная,ограниченно пригодная,ограниченно пригодная,непригодная
58.594,39.498,48,непригодная,ограниченно пригодная,непригодная,непригодная,непригодная
58.341,38.576,48,непригодная,непригодная,непригодная,ограниченно пригодная,непригодная
58.262,38.348,48,ограниченно пригодная,ограниченно пригодная,ограниченно пригодная,ограниченно пригодная,непригодная
56.959,39.55,63,непригодная,ограниченно пригодная,непригодная,непригодная,непригодная
58.718,39.22,49,ограниченно пригодная,ограниченно пригодная,ограниченно пригодная,ограниченно пригодная,непригодная
57.848,38.807,70,ограниченно пригодная,ограниченно пригодная,ограниченно пригодная,непригодная,непригодная
57.748,38.479,68,ограниченно пригодная,ограниченно пригодная,ограниченно пригодная,ограниченно пригодная,непригодная
57.277,38.696,75,ограниченно пригодная,ограниченно пригодная,ограниченно пригодная,ограниченно пригодная,непригодная
58.269,39.293,45,ограниченно пригодная,ограниченно пригодная,ограниченно пригодная,ограниченно пригодная,непригодная
57.891,38.339,68,ограниченно пригодная,ограниченно пригодная,ограниченно пригодная,ограниченно пригодная,непригодная
58.654,38.811,49,непригодная,непригодная,непригодная,непригодная,непригодная
58.192,40.389,49,непригодная,ограниченно пригодная,непригодная,непригодная,непригодная
58.157,40.282,48,ограниченно пригодная,ограниченно пригодная,ограниченно пригодная,непригодная,непригодная
58.056,40.445,56,ограниченно пригодная,ограниченно пригодная,ограниченно пригодная,ограниченно пригодная,непригодная
57.676,38.475,73,ограниченно пригодная,ограниченно пригодная,ограниченно пригодная,ограниченно пригодная,непригодная
57.824,39.455,65,ограниченно пригодная,ограниченно пригодная,ограниченно пригодная,ограниченно пригодная,непригодная
57.237,39.342,71,ограниченно пригодная,ограниченно пригодная,ограниченно пригодная,ограниченно пригодная,непригодная
57.318,39.272,68,ограниченно пригодная,ограниченно пригодная,ограниченно пригодная,ограниченно пригодная,непригодная
58.654,39.037,49,непригодная,непригодная,непригодная,непригодная,непригодная
57.836,38.429,73,ограниченно пригодная,ограниченно пригодная,ограниченно пригодная,ограниченно пригодная,непригодная
58.104,39.684,48,ограниченно пригодная,ограниченно пригодная,ограниченно пригодная,ограниченно пригодная,непригодная
57.11,38.692,68,непригодная,ограниченно пригодная,непригодная,непригодная,непригодная
58.14,37.892,52,ограниченно пригодная,ограниченно пригодная,ограниченно пригодная,подходящая,непригодная
58.364,39.894,48,непригодная,ограниченно пригодная,непригодная,непригодная,непригодная
57.203,39.033,68,ограниченно пригодная,ограниченно пригодная,ограниченно пригодная,ограниченно пригодная,непригодная
57.769,40.133,61,ограниченно пригодная,ограниченно пригодная,ограниченно пригодная,ограниченно пригодная,непригодная
57.855,38.423,73,ограниченно пригодная,ограниченно пригодная,ограниченно пригодная,ограниченно пригодная,непригодная
57.64,39.383,65,ограниченно пригодная,ограниченно пригодная,ограниченно пригодная,непригодная,непригодная
58.663,39.288,44,ограниченно пригодная,ограниченно пригодная,ограниченно пригодная,ограниченно пригодная,непригодная
56.866,39.252,56,ограниченно пригодная,ограниченно пригодная,ограниченно пригодная,ограниченно пригодная,непригодная
57.079,38.612,68,ограниченно пригодная,ограниченно пригодная,ограниченно пригодная,непригодная,непригодная
58.465,40.4,48,непригодная,ограниченно пригодная,непригодная,непригодная,непригодная
58.501,39.175,48,ограниченно пригодная,ограниченно пригодная,ограниченно пригодная,ограниченно пригодная,непригодная
58.591,39.912,48,непригодная,непригодная,непригодная,непригодная,непригодная
57.578,39.137,70,непригодная,ограниченно пригодная,непригодная,непригодная,непригодная
57.375,40.102,66,ограниченно пригодная,ограниченно пригодная,ограниченно пригодная,непригодная,непригодная
58.486,40.427,48,ограниченно пригодная,ограниченно пригодная,ограниченно пригодная,ограниченно пригодная,непригодная
56.864,38.791,68,непригодная,ограниченно пригодная,непригодная,непригодная,непригодная
58.871,39.232,48,непригодная,ограниченно пригодная,непригодная,непригодная,непригодная
58.778,39.27,44,ограниченно пригодная,ограниченно пригодная,ограниченно пригодная,непригодная,непригодная
56.663,38.508,76,ограниченно пригодная,ограниченно пригодная,ограниченно пригодная,ограниченно пригодная,непригодная
58.455,39.433,48,ограниченно пригодная,ограниченно пригодная,ограниченно пригодная,непригодная,непригодная
58.484,39.871,49,ограниченно пригодная,ограниченно пригодная,ограниченно пригодная,ограниченно пригодная,непригодная
57.117,39.22,70,ограниченно пригодная,ограниченно пригодная,ограниченно пригодная,ограниченно пригодная,непригодная
57.182,38.621,73,непригодная,ограниченно пригодная,непригодная,непригодная,непригодная
57.162,39.349,61,ограниченно пригодная,ограниченно пригодная,ограниченно пригодная,ограниченно пригодная,непригодная
58.704,38.269,45,ограниченно пригодная,ограниченно пригодная,ограниченно пригодная,ограниченно пригодная,непригодная
57.0,38.737,68,непригодная,ограниченно пригодная,непригодная,непригодная,непригодная
57.786,39.096,56,непригодная,ограниченно пригодная,непригодная,непригодная,непригодная
58.842,39.602,44,ограниченно пригодная,ограниченно пригодная,ограниченно пригодная,ограниченно пригодная,непригодная
57.877,39.116,65,ограниченно пригодная,ограниченно пригодная,ограниченно пригодная,непригодная,непригодная
58.783,39.263,48,ограниченно пригодная,ограниченно пригодная,ограниченно пригодная,непригодная,непригодная
58.035,38.445,46,ограниченно пригодная,ограниченно пригодная,ограниченно пригодная,непригодная,непригодная
57.284,39.559,66,ограниченно пригодная,ограниченно пригодная,ограниченно пригодная,ограниченно пригодная,ограниченно пригодная
58.209,37.986,52,ограниченно пригодная,ограниченно пригодная,ограниченно пригодная,ограниченно пригодная,непригодная
58.536,38.016,56,ограниченно пригодная,ограниченно пригодная,ограниченно пригодная,подходящая,ограниченно пригодная
58.259,38.009,48,ограниченно пригодная,ограниченно пригодная,ограниченно пригодная,ограниченно пригодная,непригодная
57.655,40.165,61,ограниченно пригодная,ограниченно пригодная,ограниченно пригодная,ограниченно пригодная,ограниченно пригодная
57.354,38.863,68,ограниченно пригодная,ограниченно пригодная,ограниченно пригодная,непригодная,непригодная
58.2,37.704,48,ограниченно пригодная,ограниченно пригодная,ограниченно пригодная,ограниченно пригодная,непригодная
57.97,37.516,73,ограниченно пригодная,ограниченно пригодная,ограниченно пригодная,ограниченно пригодная,непригодная
57.134,38.344,71,ограниченно пригодная,ограниченно пригодная,ограниченно пригодная,ограниченно пригодная,непригодная
57.681,39.797,68,непригодная,ограниченно пригодная,непригодная,непригодная,непригодная
57.49,38.664,73,ограниченно пригодная,ограниченно пригодная,ограниченно пригодная,ограниченно пригодная,непригодная
57.827,37.654,63,ограниченно пригодная,ограниченно пригодная,ограниченно пригодная,подходящая,ограниченно пригодная
57.968,39.132,68,ограниченно пригодная,ограниченно пригодная,ограниченно пригодная,непригодная,непригодная
57.306,40.477,61,ограниченно пригодная,ограниченно пригодная,ограниченно пригодная,непригодная,непригодная
58.508,38.967,44,ограниченно пригодная,ограниченно пригодная,ограниченно пригодная,ограниченно пригодная,непригодная
57.282,39.492,68,ограниченно пригодная,ограниченно пригодная,ограниченно пригодная,непригодная,непригодная
57.392,38.963,68,непригодная,ограниченно пригодная,непригодная,непригодная,непригодная
58.121,38.093,52,ограниченно пригодная,ограниченно пригодная,ограниченно пригодная,ограниченно пригодная,непригодная
58.417,40.965,48,непригодная,ограниченно пригодная,непригодная,непригодная,непригодная
58.493,41.026,63,непригодная,ограниченно пригодная,непригодная,непригодная,непригодная
58.532,38.94,44,ограниченно пригодная,ограниченно пригодная,ограниченно пригодная,ограниченно пригодная,непригодная
58.806,39.693,48,непригодная,непригодная,непригодная,непригодная,непригодная
57.903,38.852,70,ограниченно пригодная,ограниченно пригодная,ограниченно пригодная,ограниченно пригодная,непригодная
57.614,38.0,78,ограниченно пригодная,ограниченно пригодная,ограниченно пригодная,подходящая,непригодная
57.251,38.475,68,ограниченно пригодная,ограниченно пригодная,ограниченно пригодная,ограниченно пригодная,непригодная
57.753,40.206,66,непригодная,ограниченно пригодная,непригодная,непригодная,непригодная
57.081,38.576,68,непригодная,ограниченно пригодная,непригодная,непригодная,непригодная
58.333,38.791,46,непригодная,непригодная,непригодная,ограниченно пригодная,непригодная
57.736,38.332,73,ограниченно пригодная,ограниченно пригодная,ограниченно пригодная,ограниченно пригодная,непригодная
57.652,39.46,63,ограниченно пригодная,ограниченно пригодная,ограниченно пригодная,ограниченно пригодная,непригодная
57.583,38.127,73,непригодная,ограниченно пригодная,непригодная,непригодная,непригодная
57.767,38.755,73,ограниченно пригодная,ограниченно пригодная,ограниченно пригодная,ограниченно пригодная,непригодная
57.284,40.131,61,ограниченно пригодная,ограниченно пригодная,ограниченно пригодная,непригодная,непригодная
57.246,39.751,68,ограниченно пригодная,ограниченно пригодная,ограниченно пригодная,ограниченно пригодная,непригодная
57.098,39.729,66,ограниченно пригодная,ограниченно пригодная,ограниченно пригодная,непригодная,непригодная
58.496,40.834,48,ограниченно пригодная,ограниченно пригодная,ограниченно пригодная,ограниченно пригодная,непригодная
57.397,39.173,68,ограниченно пригодная,ограниченно пригодная,ограниченно пригодная,непригодная,непригодная
58.453,39.417,49,ограниченно пригодная,ограниченно пригодная,ограниченно пригодная,непригодная,непригодная
58.651,39.72,53,ограниченно пригодная,ограниченно пригодная,ограниченно пригодная,ограниченно пригодная,непригодная
58.446,37.659,48,ограниченно пригодная,ограниченно пригодная,ограниченно пригодная,ограниченно пригодная,непригодная
56.892,38.228,71,ограниченно пригодная,ограниченно пригодная,ограниченно пригодная,подходящая,непригодная
58.068,39.898,52,ограниченно пригодная,ограниченно пригодная,ограниченно пригодная,непригодная,непригодная
56.988,38.696,73,ограниченно пригодная,ограниченно пригодная,ограниченно пригодная,ограниченно пригодная,непригодная
57.354,39.15,63,ограниченно пригодная,ограниченно пригодная,ограниченно пригодная,непригодная,непригодная
58.059,39.957,49,ограниченно пригодная,ограниченно пригодная,ограниченно пригодная,непригодная,непригодная
58.037,37.934,48,ограниченно пригодная,ограниченно пригодная,ограниченно пригодная,ограниченно пригодная,непригодная
58.79,39.385,48,ограниченно пригодная,ограниченно пригодная,ограниченно пригодная,ограниченно пригодная,непригодная
58.338,39.808,49,ограниченно пригодная,ограниченно пригодная,ограниченно пригодная,непригодная,непригодная
58.398,38.59,48,непригодная,непригодная,непригодная,ограниченно пригодная,непригодная
58.415,40.755,48,непригодная,ограниченно пригодная,непригодная,непригодная,непригодная
58.453,40.965,50,непригодная,ограниченно пригодная,непригодная,непригодная,непригодная
57.086,38.777,61,ограниченно пригодная,ограниченно пригодная,ограниченно пригодная,ограниченно пригодная,непригодная
58.192,38.009,52,ограниченно пригодная,ограниченно пригодная,ограниченно пригодная,ограниченно пригодная,непригодная
58.56,39.654,49,непригодная,ограниченно пригодная,непригодная,непригодная,непригодная
56.625,39.336,71,ограниченно пригодная,ограниченно пригодная,ограниченно пригодная,ограниченно пригодная,непригодная
56.935,39.516,73,ограниченно пригодная,ограниченно пригодная,ограниченно пригодная,ограниченно пригодная,непригодная
58.558,38.179,48,ограниченно пригодная,ограниченно пригодная,ограниченно пригодная,ограниченно пригодная,непригодная
57.781,40.558,69,ограниченно пригодная,ограниченно пригодная,ограниченно пригодная,подходящая,непригодная
57.308,38.558,73,ограниченно пригодная,ограниченно пригодная,ограниченно пригодная,ограниченно пригодная,непригодная
57.141,39.051,66,ограниченно пригодная,ограниченно пригодная,ограниченно пригодная,непригодная,непригодная
57.284,39.141,68,непригодная,ограниченно пригодная,непригодная,непригодная,непригодная
58.35,38.795,49,непригодная,непригодная,непригодная,ограниченно пригодная,непригодная
58.481,37.686,49,ограниченно пригодная,ограниченно пригодная,ограниченно пригодная,ограниченно пригодная,непригодная
58.044,39.53,49,ограниченно пригодная,ограниченно пригодная,ограниченно пригодная,непригодная,непригодная
58.403,39.993,49,ограниченно пригодная,ограниченно пригодная,ограниченно пригодная,непригодная,непригодная
57.681,38.734,73,непригодная,ограниченно пригодная,непригодная,непригодная,непригодная
57.141,38.922,71,ограниченно пригодная,ограниченно пригодная,ограниченно пригодная,ограниченно пригодная,непригодная
58.286,39.195,48,ограниченно пригодная,ограниченно пригодная,ограниченно пригодная,ограниченно пригодная,непригодная
58.367,40.086,48,ограниченно пригодная,ограниченно пригодная,ограниченно пригодная,непригодная,непригодная
57.478,39.921,68,ограниченно пригодная,ограниченно пригодная,ограниченно пригодная,ограниченно пригодная,непригодная
58.24,39.559,49,ограниченно пригодная,ограниченно пригодная,ограниченно пригодная,непригодная,непригодная
57.87,40.235,61,ограниченно пригодная,ограниченно пригодная,ограниченно пригодная,ограниченно пригодная,непригодная
58.656,38.545,44,непригодная,непригодная,непригодная,ограниченно пригодная,непригодная
58.685,38.576,48,непригодная,непригодная,непригодная,непригодная,непригодная
56.697,39.04,53,ограниченно пригодная,ограниченно пригодная,ограниченно пригодная,непригодная,непригодная
58.536,40.723,52,ограниченно пригодная,ограниченно пригодная,ограниченно пригодная,ограниченно пригодная,непригодная
57.38,38.599,73,ограниченно пригодная,ограниченно пригодная,ограниченно пригодная,ограниченно пригодная,непригодная
58.56,40.066,49,непригодная,ограниченно пригодная,непригодная,непригодная,непригодная
57.473,39.055,66,ограниченно пригодная,ограниченно пригодная,ограниченно пригодная,непригодная,непригодная
57.425,40.201,51,ограниченно пригодная,ограниченно пригодная,ограниченно пригодная,ограниченно пригодная,непригодная
58.799,39.654,48,непригодная,ограниченно пригодная,непригодная,непригодная,непригодная
58.329,40.608,48,ограниченно пригодная,ограниченно пригодная,ограниченно пригодная,подходящая,непригодная
57.915,38.696,68,ограниченно пригодная,ограниченно пригодная,ограниченно пригодная,ограниченно пригодная,непригодная
57.041,39.473,56,непригодная,ограниченно пригодная,непригодная,непригодная,непригодная
58.407,39.403,49,непригодная,ограниченно пригодная,непригодная,непригодная,непригодная
57.624,39.864,68,ограниченно пригодная,ограниченно пригодная,ограниченно пригодная,подходящая,непригодная
58.114,40.009,53,ограниченно пригодная,ограниченно пригодная,ограниченно пригодная,ограниченно пригодная,непригодная
57.81,40.323,61,ограниченно пригодная,ограниченно пригодная,ограниченно пригодная,непригодная,непригодная
57.124,39.819,66,ограниченно пригодная,ограниченно пригодная,ограниченно пригодная,непригодная,непригодная
56.842,39.331,66,ограниченно пригодная,ограниченно пригодная,ограниченно пригодная,ограниченно пригодная,ограниченно пригодная
57.019,38.911,71,ограниченно пригодная,ограниченно пригодная,ограниченно пригодная,непригодная,непригодная
57.781,38.386,73,ограниченно пригодная,ограниченно пригодная,ограниченно пригодная,ограниченно пригодная,непригодная
57.485,39.241,63,ограниченно пригодная,ограниченно пригодная,ограниченно пригодная,непригодная,непригодная
58.362,39.482,49,ограниченно пригодная,ограниченно пригодная,ограниченно пригодная,ограниченно пригодная,непригодная
57.977,40.599,69,ограниченно пригодная,ограниченно пригодная,ограниченно пригодная,ограниченно пригодная,непригодная
58.087,39.092,45,ограниченно пригодная,ограниченно пригодная,ограниченно пригодная,ограниченно пригодная,непригодная
58.168,38.838,48,ограниченно пригодная,ограниченно пригодная,ограниченно пригодная,ограниченно пригодная,непригодная
57.757,39.336,65,ограниченно пригодная,ограниченно пригодная,ограниченно пригодная,ограниченно пригодная,непригодная
58.278,40.255,49,ограниченно пригодная,ограниченно пригодная,ограниченно пригодная,непригодная,непригодная
57.27,39.18,71,ограниченно пригодная,ограниченно пригодная,ограниченно пригодная,ограниченно пригодная,непригодная
58.293,39.263,52,ограниченно пригодная,ограниченно пригодная,ограниченно пригодная,ограниченно пригодная,непригодная
58.536,39.618,49,непригодная,ограниченно пригодная,непригодная,непригодная,непригодная
57.731,40.592,56,ограниченно пригодная,ограниченно пригодная,ограниченно пригодная,непригодная,непригодная
57.882,38.716,75,ограниченно пригодная,ограниченно пригодная,ограниченно пригодная,непригодная,непригодная
58.372,38.771,49,ограниченно пригодная,ограниченно пригодная,ограниченно пригодная,ограниченно пригодная,непригодная
57.953,39.668,70,ограниченно пригодная,ограниченно пригодная,ограниченно пригодная,ограниченно пригодная,непригодная
57.571,38.676,73,ограниченно пригодная,ограниченно пригодная,ограниченно пригодная,непригодная,непригодная
56.828,39.186,61,ограниченно пригодная,ограниченно пригодная,ограниченно пригодная,непригодная,непригодная
58.152,40.346,44,ограниченно пригодная,ограниченно пригодная,ограниченно пригодная,ограниченно пригодная,непригодная
58.508,40.908,48,непригодная,непригодная,непригодная,непригодная,непригодная
58.501,39.464,48,ограниченно пригодная,ограниченно пригодная,ограниченно пригодная,ограниченно пригодная,непригодная
57.131,39.159,73,ограниченно пригодная,ограниченно пригодная,ограниченно пригодная,подходящая,непригодная
58.013,38.334,48,ограниченно пригодная,ограниченно пригодная,ограниченно пригодная,ограниченно пригодная,непригодная
58.238,39.25,49,ограниченно пригодная,ограниченно пригодная,ограниченно пригодная,ограниченно пригодная,непригодная
57.683,40.095,61,ограниченно пригодная,ограниченно пригодная,ограниченно пригодная,ограниченно пригодная,непригодная
58.192,38.655,46,непригодная,непригодная,непригодная,ограниченно пригодная,непригодная
57.681,40.346,66,ограниченно пригодная,ограниченно пригодная,ограниченно пригодная,ограниченно пригодная,непригодная
57.889,38.511,73,ограниченно пригодная,ограниченно пригодная,ограниченно пригодная,ограниченно пригодная,непригодная
58.398,37.923,44,непригодная,непригодная,непригодная,ограниченно пригодная,непригодная
58.391,38.859,49,ограниченно пригодная,ограниченно пригодная,ограниченно пригодная,ограниченно пригодная,непригодная
57.71,39.797,66,ограниченно пригодная,ограниченно пригодная,ограниченно пригодная,ограниченно пригодная,непригодная
58.078,40.612,52,ограниченно пригодная,ограниченно пригодная,ограниченно пригодная,непригодная,непригодная
58.171,39.916,49,ограниченно пригодная,ограниченно пригодная,ограниченно пригодная,ограниченно пригодная,непригодная
57.717,39.837,65,ограниченно пригодная,ограниченно пригодная,ограниченно пригодная,ограниченно пригодная,непригодная
57.397,40.201,61,ограниченно пригодная,ограниченно пригодная,ограниченно пригодная,ограниченно пригодная,непригодная
56.821,39.092,56,ограниченно пригодная,ограниченно пригодная,ограниченно пригодная,непригодная,непригодная
58.809,39.238,48,ограниченно пригодная,ограниченно пригодная,ограниченно пригодная,непригодная,непригодная
58.391,39.015,45,ограниченно пригодная,ограниченно пригодная,ограниченно пригодная,ограниченно пригодная,непригодная
56.716,39.116,68,ограниченно пригодная,ограниченно пригодная,ограниченно пригодная,подходящая,непригодная
57.977,37.699,68,ограниченно пригодная,ограниченно пригодная,ограниченно пригодная,ограниченно пригодная,непригодная
57.662,39.128,68,ограниченно пригодная,ограниченно пригодная,ограниченно пригодная,непригодная,непригодная
57.901,39.467,58,ограниченно пригодная,ограниченно пригодная,ограниченно пригодная,ограниченно пригодная,непригодная
57.542,39.867,65,ограниченно пригодная,ограниченно пригодная,ограниченно пригодная,ограниченно пригодная,непригодная
57.829,37.455,73,ограниченно пригодная,ограниченно пригодная,ограниченно пригодная,подходящая,непригодная
57.741,40.237,66,ограниченно пригодная,ограниченно пригодная,ограниченно пригодная,подходящая,непригодная
57.992,38.269,71,ограниченно пригодная,ограниченно пригодная,ограниченно пригодная,ограниченно пригодная,непригодная
58.491,38.777,62,ограниченно пригодная,ограниченно пригодная,ограниченно пригодная,ограниченно пригодная,непригодная
57.084,38.42,73,ограниченно пригодная,ограниченно пригодная,ограниченно пригодная,ограниченно пригодная,непригодная
57.084,39.112,68,ограниченно пригодная,ограниченно пригодная,ограниченно пригодная,ограниченно пригодная,непригодная
57.703,40.165,64,ограниченно пригодная,ограниченно пригодная,ограниченно пригодная,подходящая,непригодная
57.636,38.531,66,ограниченно пригодная,ограниченно пригодная,ограниченно пригодная,ограниченно пригодная,непригодная
58.544,37.826,49,ограниченно пригодная,ограниченно пригодная,ограниченно пригодная,ограниченно пригодная,непригодная
57.977,37.932,73,ограниченно пригодная,ограниченно пригодная,ограниченно пригодная,ограниченно пригодная,непригодная
57.26,39.374,61,ограниченно пригодная,ограниченно пригодная,ограниченно пригодная,непригодная,непригодная
58.642,38.348,46,непригодная,непригодная,непригодная,ограниченно пригодная,непригодная
57.932,38.703,68,ограниченно пригодная,ограниченно пригодная,ограниченно пригодная,ограниченно пригодная,непригодная
57.416,38.12,76,ограниченно пригодная,ограниченно пригодная,ограниченно пригодная,ограниченно пригодная,непригодная
57.631,39.299,63,ограниченно пригодная,ограниченно пригодная,ограниченно пригодная,непригодная,непригодная
57.213,38.92,71,ограниченно пригодная,ограниченно пригодная,ограниченно пригодная,ограниченно пригодная,непригодная
57.81,37.695,68,ограниченно пригодная,ограниченно пригодная,ограниченно пригодная,подходящая,ограниченно пригодная
57.272,40.405,66,ограниченно пригодная,ограниченно пригодная,ограниченно пригодная,ограниченно пригодная,непригодная
58.188,40.174,48,ограниченно пригодная,ограниченно пригодная,ограниченно пригодная,непригодная,непригодная
58.336,40.565,48,ограниченно пригодная,ограниченно пригодная,ограниченно пригодная,непригодная,непригодная
58.223,39.198,53,непригодная,ограниченно пригодная,непригодная,непригодная,непригодная
58.111,40.728,48,ограниченно пригодная,ограниченно пригодная,ограниченно пригодная,ограниченно пригодная,непригодная
58.223,40.933,49,ограниченно пригодная,ограниченно пригодная,ограниченно пригодная,ограниченно пригодная,непригодная
58.386,41.107,61,ограниченно пригодная,ограниченно пригодная,ограниченно пригодная,непригодная,непригодная
58.503,38.038,48,ограниченно пригодная,ограниченно пригодная,ограниченно пригодная,ограниченно пригодная,непригодная
57.177,38.859,73,ограниченно пригодная,ограниченно пригодная,ограниченно пригодная,ограниченно пригодная,непригодная
57.11,38.832,68,ограниченно пригодная,ограниченно пригодная,ограниченно пригодная,непригодная,непригодная
57.244,38.56,68,ограниченно пригодная,ограниченно пригодная,ограниченно пригодная,ограниченно пригодная,непригодная
58.326,40.766,52,ограниченно пригодная,ограниченно пригодная,ограниченно пригодная,ограниченно пригодная,непригодная
57.602,39.41,63,ограниченно пригодная,ограниченно пригодная,ограниченно пригодная,ограниченно пригодная,непригодная
57.136,38.479,71,непригодная,ограниченно пригодная,непригодная,непригодная,непригодная
57.182,39.385,68,ограниченно пригодная,ограниченно пригодная,ограниченно пригодная,подходящая,непригодная
57.468,38.02,71,ограниченно пригодная,ограниченно пригодная,ограниченно пригодная,ограниченно пригодная,непригодная
58.149,39.008,48,непригодная,непригодная,непригодная,ограниченно пригодная,непригодная
57.459,39.365,63,ограниченно пригодная,ограниченно пригодная,ограниченно пригодная,непригодная,непригодная
57.841,39.907,68,непригодная,ограниченно пригодная,непригодная,непригодная,непригодная
56.63,38.678,73,ограниченно пригодная,ограниченно пригодная,ограниченно пригодная,ограниченно пригодная,непригодная
58.694,38.231,53,ограниченно пригодная,ограниченно пригодная,ограниченно пригодная,ограниченно пригодная,непригодная
58.348,38.174,44,ограниченно пригодная,ограниченно пригодная,ограниченно пригодная,ограниченно пригодная,непригодная
57.065,39.209,68,ограниченно пригодная,ограниченно пригодная,ограниченно пригодная,ограниченно пригодная,непригодная
58.505,41.031,65,непригодная,ограниченно пригодная,непригодная,непригодная,непригодная
57.301,40.341,69,ограниченно пригодная,ограниченно пригодная,ограниченно пригодная,ограниченно пригодная,непригодная
58.611,37.788,44,ограниченно пригодная,ограниченно пригодная,ограниченно пригодная,непригодная,непригодная
57.378,38.28,71,ограниченно пригодная,ограниченно пригодная,ограниченно пригодная,непригодная,непригодная
58.154,39.125,48,непригодная,ограниченно пригодная,непригодная,непригодная,непригодная
56.615,38.906,68,ограниченно пригодная,ограниченно пригодная,ограниченно пригодная,ограниченно пригодная,непригодная
58.462,37.916,52,ограниченно пригодная,ограниченно пригодная,ограниченно пригодная,ограниченно пригодная,непригодная
57.648,38.305,68,ограниченно пригодная,ограниченно пригодная,ограниченно пригодная,ограниченно пригодная,непригодная
57.882,38.884,73,ограниченно пригодная,ограниченно пригодная,ограниченно пригодная,непригодная,непригодная
58.254,39.808,49,непригодная,ограниченно пригодная,непригодная,непригодная,непригодная
58.276,39.566,48,ограниченно пригодная,ограниченно пригодная,ограниченно пригодная,непригодная,непригодная
58.565,39.286,45,ограниченно пригодная,ограниченно пригодная,ограниченно пригодная,ограниченно пригодная,непригодная
58.03,40.106,49,ограниченно пригодная,ограниченно пригодная,ограниченно пригодная,непригодная,непригодная
57.714,38.775,73,ограниченно пригодная,ограниченно пригодная,ограниченно пригодная,непригодная,непригодная
58.384,40.879,49,непригодная,ограниченно пригодная,непригодная,непригодная,непригодная
57.686,39.245,55,ограниченно пригодная,ограниченно пригодная,ограниченно пригодная,непригодная,непригодная
58.453,40.701,49,ограниченно пригодная,ограниченно пригодная,ограниченно пригодная,непригодная,непригодная
56.78,38.298,66,ограниченно пригодная,ограниченно пригодная,ограниченно пригодная,ограниченно пригодная,непригодная
56.866,39.476,66,ограниченно пригодная,ограниченно пригодная,ограниченно пригодная,непригодная,непригодная
58.424,38.484,50,ограниченно пригодная,ограниченно пригодная,ограниченно пригодная,ограниченно пригодная,непригодная
56.816,38.499,68,ограниченно пригодная,ограниченно пригодная,ограниченно пригодная,ограниченно пригодная,непригодная
57.877,39.112,70,ограниченно пригодная,ограниченно пригодная,ограниченно пригодная,непригодная,непригодная
57.941,40.662,66,ограниченно пригодная,ограниченно пригодная,ограниченно пригодная,ограниченно пригодная,непригодная
57.05,38.371,66,ограниченно пригодная,ограниченно пригодная,ограниченно пригодная,непригодная,непригодная
56.634,38.728,78,ограниченно пригодная,ограниченно пригодная,ограниченно пригодная,ограниченно пригодная,непригодная
58.29,40.85,48,ограниченно пригодная,ограниченно пригодная,ограниченно пригодная,непригодная,непригодная
58.687,38.452,48,ограниченно пригодная,ограниченно пригодная,ограниченно пригодная,ограниченно пригодная,непригодная
57.368,38.703,68,ограниченно пригодная,ограниченно пригодная,ограниченно пригодная,непригодная,непригодная
58.18,40.267,53,непригодная,ограниченно пригодная,непригодная,непригодная,непригодная
58.044,40.694,48,ограниченно пригодная,ограниченно пригодная,ограниченно пригодная,ограниченно пригодная,непригодная
58.661,38.285,48,ограниченно пригодная,ограниченно пригодная,ограниченно пригодная,непригодная,непригодная
57.597,37.867,78,ограниченно пригодная,ограниченно пригодная,ограниченно пригодная,подходящая,непригодная
56.833,38.237,68,ограниченно пригодная,ограниченно пригодная,ограниченно пригодная,ограниченно пригодная,непригодная
58.429,40.034,48,ограниченно пригодная,ограниченно пригодная,ограниченно пригодная,непригодная,непригодная
57.528,38.009,68,ограниченно пригодная,ограниченно пригодная,ограниченно пригодная,ограниченно пригодная,непригодная
58.257,39.774,48,непригодная,ограниченно пригодная,непригодная,непригодная,непригодная
58.087,38.215,48,ограниченно пригодная,ограниченно пригодная,ограниченно пригодная,подходящая,непригодная
57.92,39.611,70,ограниченно пригодная,ограниченно пригодная,ограниченно пригодная,ограниченно пригодная,ограниченно пригодная
57.239,39.042,66,ограниченно пригодная,ограниченно пригодная,ограниченно пригодная,непригодная,непригодная
57.389,38.49,71,ограниченно пригодная,ограниченно пригодная,ограниченно пригодная,ограниченно пригодная,непригодная
58.591,38.041,48,ограниченно пригодная,ограниченно пригодная,ограниченно пригодная,ограниченно пригодная,непригодная
57.746,40.215,61,ограниченно пригодная,ограниченно пригодная,ограниченно пригодная,ограниченно пригодная,непригодная
58.207,40.208,48,ограниченно пригодная,ограниченно пригодная,ограниченно пригодная,ограниченно пригодная,непригодная
58.584,39.403,48,ограниченно пригодная,ограниченно пригодная,ограниченно пригодная,ограниченно пригодная,непригодная
58.508,39.643,49,непригодная,ограниченно пригодная,непригодная,непригодная,непригодная
57.729,40.355,64,ограниченно пригодная,ограниченно пригодная,ограниченно пригодная,ограниченно пригодная,непригодная
57.865,38.036,71,ограниченно пригодная,ограниченно пригодная,ограниченно пригодная,ограниченно пригодная,непригодная
58.247,37.695,45,ограниченно пригодная,ограниченно пригодная,ограниченно пригодная,непригодная,непригодная
58.149,39.785,52,непригодная,ограниченно пригодная,непригодная,непригодная,непригодная
57.165,39.299,75,ограниченно пригодная,ограниченно пригодная,ограниченно пригодная,подходящая,непригодная
57.855,39.636,68,непригодная,ограниченно пригодная,непригодная,непригодная,непригодная
56.701,38.972,66,ограниченно пригодная,ограниченно пригодная,ограниченно пригодная,ограниченно пригодная,непригодная
58.247,40.386,52,непригодная,ограниченно пригодная,непригодная,непригодная,непригодная
58.106,38.945,48,ограниченно пригодная,ограниченно пригодная,ограниченно пригодная,ограниченно пригодная,непригодная
56.668,39.171,73,ограниченно пригодная,ограниченно пригодная,ограниченно пригодная,ограниченно пригодная,непригодная
56.713,38.669,66,ограниченно пригодная,ограниченно пригодная,ограниченно пригодная,ограниченно пригодная,непригодная
58.541,40.646,48,непригодная,ограниченно пригодная,непригодная,непригодная,непригодная
57.055,38.556,71,ограниченно пригодная,ограниченно пригодная,ограниченно пригодная,ограниченно пригодная,непригодная
58.178,38.142,50,ограниченно пригодная,ограниченно пригодная,ограниченно пригодная,ограниченно пригодная,непригодная
57.564,38.258,73,ограниченно пригодная,ограниченно пригодная,ограниченно пригодная,ограниченно пригодная,непригодная
58.228,38.045,52,ограниченно пригодная,ограниченно пригодная,ограниченно пригодная,ограниченно пригодная,непригодная
58.238,40.24,49,ограниченно пригодная,ограниченно пригодная,ограниченно пригодная,непригодная,непригодная
56.725,38.398,66,ограниченно пригодная,ограниченно пригодная,ограниченно пригодная,ограниченно пригодная,непригодная
58.802,39.019,48,непригодная,непригодная,непригодная,непригодная,непригодная
58.388,40.05,48,непригодная,ограниченно пригодная,непригодная,непригодная,непригодная
57.284,39.916,58,ограниченно пригодная,ограниченно пригодная,ограниченно пригодная,непригодная,непригодная
57.932,39.975,58,ограниченно пригодная,ограниченно пригодная,ограниченно пригодная,непригодная,непригодная
58.357,38.592,42,непригодная,непригодная,непригодная,ограниченно пригодная,непригодная
56.704,38.728,76,ограниченно пригодная,ограниченно пригодная,ограниченно пригодная,ограниченно пригодная,непригодная
58.735,39.25,48,ограниченно пригодная,ограниченно пригодная,ограниченно пригодная,ограниченно пригодная,непригодная
57.27,39.702,66,ограниченно пригодная,ограниченно пригодная,ограниченно пригодная,подходящая,ограниченно пригодная
57.636,39.478,65,ограниченно пригодная,ограниченно пригодная,ограниченно пригодная,ограниченно пригодная,непригодная
57.638,40.436,61,ограниченно пригодная,ограниченно пригодная,ограниченно пригодная,ограниченно пригодная,непригодная
58.173,39.205,48,непригодная,ограниченно пригодная,непригодная,непригодная,непригодная
57.977,38.513,73,ограниченно пригодная,ограниченно пригодная,ограниченно пригодная,ограниченно пригодная,непригодная
56.967,38.52,66,ограниченно пригодная,ограниченно пригодная,ограниченно пригодная,непригодная,непригодная
57.136,39.049,66,ограниченно пригодная,ограниченно пригодная,ограниченно пригодная,ограниченно пригодная,непригодная
58.501,39.236,45,ограниченно пригодная,ограниченно пригодная,ограниченно пригодная,ограниченно пригодная,непригодная
57.906,38.346,73,ограниченно пригодная,ограниченно пригодная,ограниченно пригодная,непригодная,непригодная
58.049,38.33,53,ограниченно пригодная,ограниченно пригодная,ограниченно пригодная,ограниченно пригодная,непригодная
58.013,37.799,49,ограниченно пригодная,ограниченно пригодная,ограниченно пригодная,ограниченно пригодная,непригодная
57.585,38.922,68,ограниченно пригодная,ограниченно пригодная,ограниченно пригодная,ограниченно пригодная,непригодная
58.407,38.976,48,ограниченно пригодная,ограниченно пригодная,ограниченно пригодная,ограниченно пригодная,непригодная
58.059,38.518,44,ограниченно пригодная,ограниченно пригодная,ограниченно пригодная,ограниченно пригодная,непригодная
56.84,38.531,73,ограниченно пригодная,ограниченно пригодная,ограниченно пригодная,непригодная,непригодная
57.82,39.376,63,ограниченно пригодная,ограниченно пригодная,ограниченно пригодная,ограниченно пригодная,непригодная
58.821,39.675,48,непригодная,непригодная,непригодная,непригодная,непригодная
58.176,40.773,52,ограниченно пригодная,ограниченно пригодная,ограниченно пригодная,непригодная,непригодная
57.084,39.358,73,ограниченно пригодная,ограниченно пригодная,ограниченно пригодная,ограниченно пригодная,непригодная
57.249,38.676,76,ограниченно пригодная,ограниченно пригодная,ограниченно пригодная,ограниченно пригодная,непригодная
58.345,38.066,44,ограниченно пригодная,ограниченно пригодная,ограниченно пригодная,ограниченно пригодная,непригодная
57.444,39.984,66,ограниченно пригодная,ограниченно пригодная,ограниченно пригодная,непригодная,непригодная
58.768,39.026,48,непригодная,ограниченно пригодная,непригодная,непригодная,непригодная
57.311,40.441,69,непригодная,ограниченно пригодная,непригодная,непригодная,непригодная
58.773,39.374,48,ограниченно пригодная,ограниченно пригодная,ограниченно пригодная,ограниченно пригодная,непригодная
58.24,38.913,48,ограниченно пригодная,ограниченно пригодная,ограниченно пригодная,ограниченно пригодная,непригодная
58.527,39.532,49,непригодная,ограниченно пригодная,непригодная,непригодная,непригодная
58.128,40.047,57,ограниченно пригодная,ограниченно пригодная,ограниченно пригодная,ограниченно пригодная,непригодная
58.233,40.841,52,ограниченно пригодная,ограниченно пригодная,ограниченно пригодная,ограниченно пригодная,непригодная
58.035,39.019,49,ограниченно пригодная,ограниченно пригодная,ограниченно пригодная,ограниченно пригодная,непригодная
57.196,39.347,71,непригодная,ограниченно пригодная,непригодная,непригодная,непригодная
58.568,39.568,49,ограниченно пригодная,ограниченно пригодная,ограниченно пригодная,непригодная,непригодная
56.773,38.766,66,ограниченно пригодная,ограниченно пригодная,ограниченно пригодная,ограниченно пригодная,непригодная
58.07,39.837,49,ограниченно пригодная,ограниченно пригодная,ограниченно пригодная,ограниченно пригодная,непригодная
56.675,39.073,61,ограниченно пригодная,ограниченно пригодная,ограниченно пригодная,ограниченно пригодная,непригодная
57.454,39.521,58,ограниченно пригодная,ограниченно пригодная,ограниченно пригодная,непригодная,непригодная
58.324,39.593,48,ограниченно пригодная,ограниченно пригодная,ограниченно пригодная,непригодная,непригодная
58.24,39.415,46,ограниченно пригодная,ограниченно пригодная,ограниченно пригодная,ограниченно пригодная,непригодная
56.665,38.495,73,ограниченно пригодная,ограниченно пригодная,ограниченно пригодная,ограниченно пригодная,непригодная
57.93,38.877,75,ограниченно пригодная,ограниченно пригодная,ограниченно пригодная,ограниченно пригодная,непригодная
58.768,39.232,65,непригодная,ограниченно пригодная,непригодная,непригодная,непригодная
57.757,40.041,66,ограниченно пригодная,ограниченно пригодная,ограниченно пригодная,подходящая,непригодная
57.853,38.066,73,ограниченно пригодная,ограниченно пригодная,ограниченно пригодная,ограниченно пригодная,непригодная
58.302,39.699,48,ограниченно пригодная,ограниченно пригодная,ограниченно пригодная,непригодная,непригодная
57.691,38.784,73,ограниченно пригодная,ограниченно пригодная,ограниченно пригодная,непригодная,непригодная
57.382,39.614,63,ограниченно пригодная,ограниченно пригодная,ограниченно пригодная,непригодная,непригодная
57.284,40.438,66,непригодная,ограниченно пригодная,непригодная,непригодная,непригодная
58.331,37.846,48,непригодная,непригодная,непригодная,ограниченно пригодная,непригодная
58.474,37.966,52,ограниченно пригодная,ограниченно пригодная,ограниченно пригодная,ограниченно пригодная,непригодная
57.031,39.444,68,непригодная,ограниченно пригодная,непригодная,непригодная,непригодная
57.628,40.341,64,ограниченно пригодная,ограниченно пригодная,ограниченно пригодная,ограниченно пригодная,непригодная
58.524,39.365,45,ограниченно пригодная,ограниченно пригодная,ограниченно пригодная,ограниченно пригодная,непригодная
56.658,38.786,81,ограниченно пригодная,ограниченно пригодная,ограниченно пригодная,ограниченно пригодная,непригодная
58.367,38.66,49,ограниченно пригодная,ограниченно пригодная,ограниченно пригодная,ограниченно пригодная,непригодная
58.092,39.026,45,ограниченно пригодная,ограниченно пригодная,ограниченно пригодная,ограниченно пригодная,непригодная
58.484,40.21,49,непригодная,непригодная,непригодная,непригодная,непригодная
57.012,38.85,66,ограниченно пригодная,ограниченно пригодная,ограниченно пригодная,непригодная,непригодная
58.869,39.442,48,непригодная,непригодная,непригодная,ограниченно пригодная,непригодная
58.338,39.774,52,ограниченно пригодная,ограниченно пригодная,ограниченно пригодная,непригодная,непригодная
57.977,39.934,65,ограниченно пригодная,ограниченно пригодная,ограниченно пригодная,непригодная,непригодная
57.81,40.511,61,ограниченно пригодная,ограниченно пригодная,ограниченно пригодная,ограниченно пригодная,непригодная
58.121,39.632,49,ограниченно пригодная,ограниченно пригодная,ограниченно пригодная,ограниченно пригодная,непригодная
58.909,39.263,48,непригодная,непригодная,непригодная,ограниченно пригодная,непригодная
56.725,39.148,76,ограниченно пригодная,ограниченно пригодная,ограниченно пригодная,подходящая,непригодная
56.847,38.947,66,ограниченно пригодная,ограниченно пригодная,ограниченно пригодная,ограниченно пригодная,непригодная
58.018,37.758,48,ограниченно пригодная,ограниченно пригодная,ограниченно пригодная,ограниченно пригодная,непригодная
58.606,39.324,48,ограниченно пригодная,ограниченно пригодная,ограниченно пригодная,ограниченно пригодная,непригодная
58.154,38.703,48,ограниченно пригодная,ограниченно пригодная,ограниченно пригодная,ограниченно пригодная,непригодная
57.669,37.898,71,ограниченно пригодная,ограниченно пригодная,ограниченно пригодная,подходящая,непригодная
58.651,39.211,53,ограниченно пригодная,ограниченно пригодная,ограниченно пригодная,ограниченно пригодная,непригодная
58.52,40.931,48,непригодная,ограниченно пригодная,непригодная,непригодная,непригодная
57.435,39.218,63,ограниченно пригодная,ограниченно пригодная,ограниченно пригодная,непригодная,непригодная
57.456,38.927,73,ограниченно пригодная,ограниченно пригодная,ограниченно пригодная,ограниченно пригодная,непригодная
57.545,37.916,73,непригодная,ограниченно пригодная,непригодная,ограниченно пригодная,непригодная
56.84,39.067,63,ограниченно пригодная,ограниченно пригодная,ограниченно пригодная,непригодная,непригодная
57.903,40.38,61,ограниченно пригодная,ограниченно пригодная,ограниченно пригодная,непригодная,непригодная
58.293,38.165,48,ограниченно пригодная,ограниченно пригодная,ограниченно пригодная,непригодная,непригодная
57.987,39.916,70,ограниченно пригодная,ограниченно пригодная,ограниченно пригодная,непригодная,непригодная
58.568,40.093,49,непригодная,ограниченно пригодная,непригодная,непригодная,непригодная
57.112,39.051,63,ограниченно пригодная,ограниченно пригодная,ограниченно пригодная,непригодная,непригодная
57.867,38.201,68,ограниченно пригодная,ограниченно пригодная,ограниченно пригодная,ограниченно пригодная,непригодная
57.375,38.554,68,ограниченно пригодная,ограниченно пригодная,ограниченно пригодная,непригодная,непригодная
58.133,39.408,48,непригодная,ограниченно пригодная,непригодная,непригодная,непригодная
58.639,38.025,52,непригодная,ограниченно пригодная,непригодная,непригодная,непригодная
58.477,38.678,50,ограниченно пригодная,ограниченно пригодная,ограниченно пригодная,ограниченно пригодная,непригодная
58.121,40.007,53,ограниченно пригодная,ограниченно пригодная,ограниченно пригодная,ограниченно пригодная,непригодная
57.638,39.923,68,ограниченно пригодная,ограниченно пригодная,ограниченно пригодная,непригодная,непригодная
56.967,38.617,66,ограниченно пригодная,ограниченно пригодная,ограниченно пригодная,непригодная,непригодная
57.946,37.767,73,ограниченно пригодная,ограниченно пригодная,ограниченно пригодная,непригодная,непригодная
57.724,37.846,73,ограниченно пригодная,ограниченно пригодная,ограниченно пригодная,ограниченно пригодная,непригодная
58.458,40.859,48,ограниченно пригодная,ограниченно пригодная,ограниченно пригодная,ограниченно пригодная,непригодная
57.182,39.634,66,ограниченно пригодная,ограниченно пригодная,ограниченно пригодная,непригодная,непригодная
57.808,39.198,65,ограниченно пригодная,ограниченно пригодная,ограниченно пригодная,ограниченно пригодная,непригодная
58.329,37.537,45,ограниченно пригодная,ограниченно пригодная,ограниченно пригодная,ограниченно пригодная,непригодная
57.652,38.54,68,ограниченно пригодная,ограниченно пригодная,ограниченно пригодная,непригодная,непригодная
57.569,40.174,66,ограниченно пригодная,ограниченно пригодная,ограниченно пригодная,непригодная,непригодная
58.56,39.645,48,ограниченно пригодная,ограниченно пригодная,ограниченно пригодная,ограниченно пригодная,непригодная
57.358,39.157,68,ограниченно пригодная,ограниченно пригодная,ограниченно пригодная,ограниченно пригодная,непригодная
56.768,39.381,56,непригодная,непригодная,непригодная,непригодная,непригодная
57.669,38.972,68,ограниченно пригодная,ограниченно пригодная,ограниченно пригодная,непригодная,непригодная
58.618,39.324,44,ограниченно пригодная,ограниченно пригодная,ограниченно пригодная,ограниченно пригодная,непригодная
58.532,40.258,48,ограниченно пригодная,ограниченно пригодная,ограниченно пригодная,ограниченно пригодная,непригодная
57.569,39.315,58,ограниченно пригодная,ограниченно пригодная,ограниченно пригодная,непригодная,непригодная
58.524,38.922,48,ограниченно пригодная,ограниченно пригодная,ограниченно пригодная,ограниченно пригодная,непригодная
56.675,38.472,68,ограниченно пригодная,ограниченно пригодная,ограниченно пригодная,ограниченно пригодная,непригодная
58.759,39.586,49,непригодная,ограниченно пригодная,непригодная,непригодная,непригодная
57.939,38.895,75,непригодная,ограниченно пригодная,непригодная,непригодная,непригодная
58.357,37.962,42,непригодная,непригодная,непригодная,ограниченно пригодная,непригодная
58.551,39.08,48,ограниченно пригодная,ограниченно пригодная,ограниченно пригодная,непригодная,непригодная
57.76,40.185,64,ограниченно пригодная,ограниченно пригодная,ограниченно пригодная,ограниченно пригодная,непригодная
57.203,38.24,73,ограниченно пригодная,ограниченно пригодная,ограниченно пригодная,ограниченно пригодная,непригодная
58.622,39.65,48,ограниченно пригодная,ограниченно пригодная,ограниченно пригодная,ограниченно пригодная,непригодная
58.125,40.633,52,ограниченно пригодная,ограниченно пригодная,ограниченно пригодная,непригодная,непригодная
58.74,39.562,52,непригодная,ограниченно пригодная,непригодная,непригодная,непригодная
58.491,40.373,48,непригодная,ограниченно пригодная,непригодная,непригодная,непригодная
58.711,39.928,44,ограниченно пригодная,ограниченно пригодная,ограниченно пригодная,ограниченно пригодная,непригодная
57.984,37.609,78,ограниченно пригодная,ограниченно пригодная,ограниченно пригодная,подходящая,непригодная
57.432,39.159,63,ограниченно пригодная,ограниченно пригодная,ограниченно пригодная,ограниченно пригодная,непригодная
57.053,39.471,66,ограниченно пригодная,ограниченно пригодная,ограниченно пригодная,ограниченно пригодная,непригодная
58.319,39.878,53,непригодная,ограниченно пригодная,непригодная,непригодная,непригодная
57.982,40.312,66,ограниченно пригодная,ограниченно пригодная,ограниченно пригодная,ограниченно пригодная,непригодная
58.192,40.518,48,ограниченно пригодная,ограниченно пригодная,ограниченно пригодная,непригодная,непригодная
56.74,38.655,73,ограниченно пригодная,ограниченно пригодная,ограниченно пригодная,ограниченно пригодная,непригодная
58.19,38.305,52,ограниченно пригодная,ограниченно пригодная,ограниченно пригодная,ограниченно пригодная,непригодная
58.685,39.272,52,ограниченно пригодная,ограниченно пригодная,ограниченно пригодная,ограниченно пригодная,непригодная
57.915,37.546,68,ограниченно пригодная,ограниченно пригодная,ограниченно пригодная,ограниченно пригодная,непригодная
57.896,39.333,60,ограниченно пригодная,ограниченно пригодная,ограниченно пригодная,ограниченно пригодная,непригодная
58.3,38.411,49,непригодная,непригодная,непригодная,ограниченно пригодная,непригодная
57.296,39.616,56,ограниченно пригодная,ограниченно пригодная,ограниченно пригодная,непригодная,непригодная
57.679,40.194,61,ограниченно пригодная,ограниченно пригодная,ограниченно пригодная,ограниченно пригодная,непригодная
58.166,38.066,52,ограниченно пригодная,ограниченно пригодная,ограниченно пригодная,ограниченно пригодная,непригодная
58.121,40.201,48,ограниченно пригодная,ограниченно пригодная,ограниченно пригодная,ограниченно пригодная,непригодная
56.945,38.499,61,ограниченно пригодная,ограниченно пригодная,ограниченно пригодная,ограниченно пригодная,непригодная
58.219,37.977,52,ограниченно пригодная,ограниченно пригодная,ограниченно пригодная,ограниченно пригодная,непригодная
57.877,38.538,73,ограниченно пригодная,ограниченно пригодная,ограниченно пригодная,ограниченно пригодная,непригодная
58.539,38.24,48,ограниченно пригодная,ограниченно пригодная,ограниченно пригодная,ограниченно пригодная,непригодная
57.851,38.235,73,ограниченно пригодная,ограниченно пригодная,ограниченно пригодная,ограниченно пригодная,непригодная
58.455,38.753,49,ограниченно пригодная,ограниченно пригодная,ограниченно пригодная,ограниченно пригодная,непригодная
58.467,38.432,44,ограниченно пригодная,ограниченно пригодная,ограниченно пригодная,ограниченно пригодная,непригодная
57.196,39.88,56,непригодная,ограниченно пригодная,непригодная,непригодная,непригодная
57.633,38.574,73,ограниченно пригодная,ограниченно пригодная,ограниченно пригодная,непригодная,непригодная
57.385,39.614,61,ограниченно пригодная,ограниченно пригодная,ограниченно пригодная,непригодная,непригодная
58.458,40.334,48,непригодная,ограниченно пригодная,непригодная,непригодная,непригодная
58.496,39.905,48,непригодная,непригодная,непригодная,непригодная,непригодная
58.589,39.634,53,ограниченно пригодная,ограниченно пригодная,ограниченно пригодная,непригодная,непригодная
57.043,39.557,58,непригодная,ограниченно пригодная,непригодная,непригодная,непригодная
57.444,38.678,68,ограниченно пригодная,ограниченно пригодная,ограниченно пригодная,ограниченно пригодная,непригодная
57.573,38.303,78,ограниченно пригодная,ограниченно пригодная,ограниченно пригодная,ограниченно пригодная,непригодная
57.903,39.496,68,ограниченно пригодная,ограниченно пригодная,ограниченно пригодная,ограниченно пригодная,непригодная
58.348,38.637,48,ограниченно пригодная,ограниченно пригодная,ограниченно пригодная,ограниченно пригодная,непригодная
57.877,40.316,69,ограниченно пригодная,ограниченно пригодная,ограниченно пригодная,подходящая,непригодная
57.158,38.276,66,ограниченно пригодная,ограниченно пригодная,ограниченно пригодная,ограниченно пригодная,непригодная
58.257,40.588,48,ограниченно пригодная,ограниченно пригодная,ограниченно пригодная,непригодная,непригодная
57.726,38.642,73,ограниченно пригодная,ограниченно пригодная,ограниченно пригодная,непригодная,непригодная
57.729,38.786,68,ограниченно пригодная,ограниченно пригодная,ограниченно пригодная,непригодная,непригодная
57.346,39.067,68,непригодная,ограниченно пригодная,непригодная,непригодная,непригодная
58.634,39.058,48,непригодная,непригодная,непригодная,непригодная,непригодная
57.189,38.933,71,ограниченно пригодная,ограниченно пригодная,ограниченно пригодная,ограниченно пригодная,непригодная
57.889,40.601,61,ограниченно пригодная,ограниченно пригодная,ограниченно пригодная,ограниченно пригодная,непригодная
57.691,38.843,71,ограниченно пригодная,ограниченно пригодная,ограниченно пригодная,непригодная,непригодная
57.977,38.176,73,непригодная,ограниченно пригодная,непригодная,непригодная,непригодная
56.938,38.757,61,ограниченно пригодная,ограниченно пригодная,ограниченно пригодная,непригодная,непригодная
57.657,37.844,73,ограниченно пригодная,ограниченно пригодная,ограниченно пригодная,ограниченно пригодная,непригодная
58.544,38.475,44,ограниченно пригодная,ограниченно пригодная,ограниченно пригодная,ограниченно пригодная,непригодная
57.738,37.792,73,ограниченно пригодная,ограниченно пригодная,ограниченно пригодная,ограниченно пригодная,непригодная
57.344,38.174,73,ограниченно пригодная,ограниченно пригодная,ограниченно пригодная,ограниченно пригодная,непригодная
57.136,38.777,71,непригодная,ограниченно пригодная,непригодная,непригодная,непригодная
58.539,39.824,49,ограниченно пригодная,ограниченно пригодная,ограниченно пригодная,непригодная,непригодная
57.946,40.224,59,непригодная,ограниченно пригодная,непригодная,непригодная,непригодная
58.094,39.95,52,ограниченно пригодная,ограниченно пригодная,ограниченно пригодная,непригодная,непригодная
57.368,40.163,66,ограниченно пригодная,ограниченно пригодная,ограниченно пригодная,непригодная,непригодная
57.27,39.869,56,ограниченно пригодная,ограниченно пригодная,ограниченно пригодная,ограниченно пригодная,непригодная
57.246,39.968,56,ограниченно пригодная,ограниченно пригодная,ограниченно пригодная,непригодная,непригодная
57.827,37.715,71,ограниченно пригодная,ограниченно пригодная,ограниченно пригодная,ограниченно пригодная,непригодная
58.47,40.088,52,непригодная,ограниченно пригодная,непригодная,непригодная,непригодная
57.375,38.461,68,ограниченно пригодная,ограниченно пригодная,ограниченно пригодная,ограниченно пригодная,непригодная
57.789,38.215,73,ограниченно пригодная,ограниченно пригодная,ограниченно пригодная,ограниченно пригодная,непригодная
58.321,37.577,44,ограниченно пригодная,ограниченно пригодная,ограниченно пригодная,ограниченно пригодная,непригодная
58.051,40.151,48,непригодная,ограниченно пригодная,непригодная,непригодная,непригодная
57.237,38.861,71,ограниченно пригодная,ограниченно пригодная,ограниченно пригодная,непригодная,непригодная
57.394,40.163,61,ограниченно пригодная,ограниченно пригодная,ограниченно пригодная,ограниченно пригодная,непригодная
56.885,39.462,73,непригодная,ограниченно пригодная,непригодная,непригодная,непригодная
57.92,37.851,73,непригодная,ограниченно пригодная,непригодная,непригодная,непригодная
57.843,38.805,66,ограниченно пригодная,ограниченно пригодная,ограниченно пригодная,непригодная,непригодная
58.326,38.829,46,непригодная,непригодная,непригодная,ограниченно пригодная,непригодная
56.632,39.39,73,ограниченно пригодная,ограниченно пригодная,ограниченно пригодная,ограниченно пригодная,непригодная
58.116,38.158,48,ограниченно пригодная,ограниченно пригодная,ограниченно пригодная,ограниченно пригодная,непригодная
58.364,39.008,48,ограниченно пригодная,ограниченно пригодная,ограниченно пригодная,ограниченно пригодная,непригодная
58.374,38.744,52,ограниченно пригодная,ограниченно пригодная,ограниченно пригодная,ограниченно пригодная,непригодная
58.539,38.818,46,ограниченно пригодная,ограниченно пригодная,ограниченно пригодная,ограниченно пригодная,непригодная
57.167,39.695,68,ограниченно пригодная,ограниченно пригодная,ограниченно пригодная,ограниченно пригодная,непригодная
57.573,39.028,65,ограниченно пригодная,ограниченно пригодная,ограниченно пригодная,ограниченно пригодная,непригодная
57.767,40.328,66,ограниченно пригодная,ограниченно пригодная,ограниченно пригодная,ограниченно пригодная,непригодная
58.18,38.33,52,ограниченно пригодная,ограниченно пригодная,ограниченно пригодная,ограниченно пригодная,непригодная
58.57,38.0,48,ограниченно пригодная,ограниченно пригодная,ограниченно пригодная,подходящая,непригодная
58.352,38.411,48,ограниченно пригодная,ограниченно пригодная,ограниченно пригодная,ограниченно пригодная,непригодная
56.802,39.141,61,ограниченно пригодная,ограниченно пригодная,ограниченно пригодная,непригодная,непригодная
58.395,40.38,52,непригодная,ограниченно пригодная,непригодная,непригодная,непригодная
58.532,39.76,53,непригодная,ограниченно пригодная,непригодная,непригодная,непригодная
57.535,39.324,58,ограниченно пригодная,ограниченно пригодная,ограниченно пригодная,непригодная,непригодная
57.48,38.147,73,непригодная,ограниченно пригодная,непригодная,ограниченно пригодная,непригодная
57.416,38.447,71,ограниченно пригодная,ограниченно пригодная,ограниченно пригодная,ограниченно пригодная,непригодная
58.336,38.398,46,непригодная,непригодная,непригодная,ограниченно пригодная,непригодная
57.98,38.224,73,ограниченно пригодная,ограниченно пригодная,ограниченно пригодная,ограниченно пригодная,непригодная
58.403,40.777,49,непригодная,ограниченно пригодная,непригодная,непригодная,непригодная
57.576,40.179,66,ограниченно пригодная,ограниченно пригодная,ограниченно пригодная,ограниченно пригодная,непригодная
57.511,39.295,63,ограниченно пригодная,ограниченно пригодная,ограниченно пригодная,ограниченно пригодная,непригодная
58.491,37.851,52,ограниченно пригодная,ограниченно пригодная,ограниченно пригодная,ограниченно пригодная,непригодная
58.888,39.331,49,непригодная,непригодная,непригодная,непригодная,непригодная
58.24,37.69,48,ограниченно пригодная,ограниченно пригодная,ограниченно пригодная,непригодная,непригодная
57.913,37.638,68,ограниченно пригодная,ограниченно пригодная,ограниченно пригодная,ограниченно пригодная,непригодная
56.599,38.902,70,ограниченно пригодная,ограниченно пригодная,ограниченно пригодная,ограниченно пригодная,непригодная
57.373,39.72,68,ограниченно пригодная,ограниченно пригодная,ограниченно пригодная,ограниченно пригодная,непригодная
56.943,39.299,75,непригодная,ограниченно пригодная,непригодная,ограниченно пригодная,непригодная
57.516,38.949,73,ограниченно пригодная,ограниченно пригодная,ограниченно пригодная,непригодная,непригодная
57.351,39.426,56,ограниченно пригодная,ограниченно пригодная,ограниченно пригодная,непригодная,непригодная
57.483,38.447,73,ограниченно пригодная,ограниченно пригодная,ограниченно пригодная,ограниченно пригодная,непригодная
57.014,38.649,71,ограниченно пригодная,ограниченно пригодная,ограниченно пригодная,ограниченно пригодная,непригодная
56.833,38.599,66,ограниченно пригодная,ограниченно пригодная,ограниченно пригодная,непригодная,непригодная
58.118,39.324,48,ограниченно пригодная,ограниченно пригодная,ограниченно пригодная,непригодная,непригодная
57.363,38.581,73,ограниченно пригодная,ограниченно пригодная,ограниченно пригодная,непригодная,непригодная
56.627,38.725,81,ограниченно пригодная,ограниченно пригодная,ограниченно пригодная,ограниченно пригодная,непригодная
58.271,39.026,48,ограниченно пригодная,ограниченно пригодная,ограниченно пригодная,непригодная,непригодная
57.088,39.168,68,ограниченно пригодная,ограниченно пригодная,ограниченно пригодная,ограниченно пригодная,непригодная
58.498,40.084,53,непригодная,ограниченно пригодная,непригодная,непригодная,непригодная
58.458,38.947,49,ограниченно пригодная,ограниченно пригодная,ограниченно пригодная,ограниченно пригодная,непригодная
57.542,39.164,68,непригодная,ограниченно пригодная,непригодная,непригодная,непригодная
57.681,38.235,73,ограниченно пригодная,ограниченно пригодная,ограниченно пригодная,ограниченно пригодная,непригодная
58.013,38.393,48,ограниченно пригодная,ограниченно пригодная,ограниченно пригодная,ограниченно пригодная,непригодная
57.413,38.402,73,непригодная,ограниченно пригодная,непригодная,непригодная,непригодная
57.38,39.06,70,непригодная,ограниченно пригодная,непригодная,непригодная,непригодная
58.032,38.461,44,ограниченно пригодная,ограниченно пригодная,ограниченно пригодная,ограниченно пригодная,непригодная
56.914,38.606,66,непригодная,ограниченно пригодная,непригодная,непригодная,непригодная
57.655,39.318,60,ограниченно пригодная,ограниченно пригодная,ограниченно пригодная,непригодная,непригодная
57.616,37.925,73,ограниченно пригодная,ограниченно пригодная,ограниченно пригодная,подходящая,непригодная
57.772,39.028,54,ограниченно пригодная,ограниченно пригодная,ограниченно пригодная,непригодная,непригодная
58.517,40.583,49,ограниченно пригодная,ограниченно пригодная,ограниченно пригодная,непригодная,непригодная
57.17,39.668,66,непригодная,ограниченно пригодная,непригодная,непригодная,непригодная
57.655,40.601,61,ограниченно пригодная,ограниченно пригодная,ограниченно пригодная,ограниченно пригодная,непригодная
58.297,39.478,48,непригодная,ограниченно пригодная,непригодная,непригодная,непригодная
57.925,37.824,73,непригодная,ограниченно пригодная,непригодная,непригодная,непригодная
58.642,38.402,46,непригодная,непригодная,непригодная,ограниченно пригодная,непригодная
57.394,38.102,66,ограниченно пригодная,ограниченно пригодная,ограниченно пригодная,ограниченно пригодная,непригодная
58.032,38.323,49,ограниченно пригодная,ограниченно пригодная,ограниченно пригодная,ограниченно пригодная,непригодная
58.591,39.921,48,непригодная,непригодная,непригодная,непригодная,непригодная
58.51,38.447,50,ограниченно пригодная,ограниченно пригодная,ограниченно пригодная,ограниченно пригодная,непригодная
58.247,37.48,44,ограниченно пригодная,ограниченно пригодная,ограниченно пригодная,непригодная,непригодная
58.042,39.281,44,ограниченно пригодная,ограниченно пригодная,ограниченно пригодная,ограниченно пригодная,непригодная
58.364,40.847,45,ограниченно пригодная,ограниченно пригодная,ограниченно пригодная,ограниченно пригодная,непригодная
57.368,39.119,68,ограниченно пригодная,ограниченно пригодная,ограниченно пригодная,непригодная,непригодная
57.492,39.853,65,ограниченно пригодная,ограниченно пригодная,ограниченно пригодная,ограниченно пригодная,непригодная
57.194,39.216,73,ограниченно пригодная,ограниченно пригодная,ограниченно пригодная,подходящая,непригодная
57.97,39.299,75,ограниченно пригодная,ограниченно пригодная,ограниченно пригодная,ограниченно пригодная,непригодная
57.182,38.533,68,ограниченно пригодная,ограниченно пригодная,ограниченно пригодная,ограниченно пригодная,непригодная
57.855,37.853,73,ограниченно пригодная,ограниченно пригодная,ограниченно пригодная,ограниченно пригодная,непригодная
58.572,39.006,45,непригодная,непригодная,непригодная,ограниченно пригодная,непригодная
58.276,40.264,44,ограниченно пригодная,ограниченно пригодная,ограниченно пригодная,непригодная,непригодная
57.234,39.494,68,ограниченно пригодная,ограниченно пригодная,ограниченно пригодная,непригодная,непригодная
57.217,38.603,73,ограниченно пригодная,ограниченно пригодная,ограниченно пригодная,ограниченно пригодная,непригодная
57.829,37.602,63,ограниченно пригодная,ограниченно пригодная,ограниченно пригодная,подходящая,ограниченно пригодная
56.964,38.348,66,ограниченно пригодная,ограниченно пригодная,ограниченно пригодная,непригодная,непригодная
58.223,39.742,49,ограниченно пригодная,ограниченно пригодная,ограниченно пригодная,непригодная,непригодная
58.178,37.889,52,ограниченно пригодная,ограниченно пригодная,ограниченно пригодная,ограниченно пригодная,непригодная
58.118,39.103,45,ограниченно пригодная,ограниченно пригодная,ограниченно пригодная,ограниченно пригодная,непригодная
57.989,39.32,60,ограниченно пригодная,ограниченно пригодная,ограниченно пригодная,ограниченно пригодная,непригодная
57.373,39.925,65,ограниченно пригодная,ограниченно пригодная,ограниченно пригодная,ограниченно пригодная,непригодная
56.933,39.421,63,ограниченно пригодная,ограниченно пригодная,ограниченно пригодная,ограниченно пригодная,непригодная
57.55,39.195,65,ограниченно пригодная,ограниченно пригодная,ограниченно пригодная,ограниченно пригодная,непригодная
58.345,40.646,48,ограниченно пригодная,ограниченно пригодная,ограниченно пригодная,непригодная,непригодная
58.486,38.377,44,ограниченно пригодная,ограниченно пригодная,ограниченно пригодная,ограниченно пригодная,непригодная
58.243,38.988,44,ограниченно пригодная,ограниченно пригодная,ограниченно пригодная,ограниченно пригодная,непригодная
56.854,38.393,63,ограниченно пригодная,ограниченно пригодная,ограниченно пригодная,ограниченно пригодная,непригодная
58.484,40.337,48,ограниченно пригодная,ограниченно пригодная,ограниченно пригодная,непригодная,непригодная
57.655,38.237,73,ограниченно пригодная,ограниченно пригодная,ограниченно пригодная,ограниченно пригодная,непригодная
58.857,39.492,49,ограниченно пригодная,ограниченно пригодная,ограниченно пригодная,ограниченно пригодная,непригодная
57.394,39.094,63,ограниченно пригодная,ограниченно пригодная,ограниченно пригодная,непригодная,непригодная
58.367,39.017,48,ограниченно пригодная,ограниченно пригодная,ограниченно пригодная,подходящая,непригодная
58.286,37.512,44,ограниченно пригодная,ограниченно пригодная,ограниченно пригодная,ограниченно пригодная,непригодная
57.951,37.916,71,ограниченно пригодная,ограниченно пригодная,ограниченно пригодная,ограниченно пригодная,непригодная
58.082,39.948,52,ограниченно пригодная,ограниченно пригодная,ограниченно пригодная,ограниченно пригодная,непригодная
57.662,38.35,73,ограниченно пригодная,ограниченно пригодная,ограниченно пригодная,непригодная,непригодная
58.309,38.097,52,ограниченно пригодная,ограниченно пригодная,ограниченно пригодная,ограниченно пригодная,непригодная
56.787,39.069,73,непригодная,ограниченно пригодная,непригодная,ограниченно пригодная,непригодная
57.925,39.65,65,ограниченно пригодная,ограниченно пригодная,ограниченно пригодная,ограниченно пригодная,непригодная
58.644,39.774,53,ограниченно пригодная,ограниченно пригодная,ограниченно пригодная,ограниченно пригодная,непригодная
57.889,38.868,70,ограниченно пригодная,ограниченно пригодная,ограниченно пригодная,непригодная,непригодная
58.114,38.94,56,ограниченно пригодная,ограниченно пригодная,ограниченно пригодная,ограниченно пригодная,непригодная
57.299,38.64,73,ограниченно пригодная,ограниченно пригодная,ограниченно пригодная,ограниченно пригодная,непригодная
56.914,38.969,71,ограниченно пригодная,ограниченно пригодная,ограниченно пригодная,ограниченно пригодная,непригодная
58.209,40.884,49,ограниченно пригодная,ограниченно пригодная,ограниченно пригодная,непригодная,непригодная
58.484,39.815,53,непригодная,ограниченно пригодная,непригодная,непригодная,непригодная
58.386,38.61,49,непригодная,непригодная,непригодная,ограниченно пригодная,непригодная
56.95,38.694,66,ограниченно пригодная,ограниченно пригодная,ограниченно пригодная,непригодная,непригодная
58.137,37.903,56,ограниченно пригодная,ограниченно пригодная,ограниченно пригодная,подходящая,непригодная
57.695,39.772,75,непригодная,ограниченно пригодная,непригодная,непригодная,непригодная
58.266,38.976,44,ограниченно пригодная,ограниченно пригодная,ограниченно пригодная,ограниченно пригодная,непригодная
58.388,39.381,45,ограниченно пригодная,ограниченно пригодная,ограниченно пригодная,ограниченно пригодная,непригодная
57.98,39.455,65,ограниченно пригодная,ограниченно пригодная,ограниченно пригодная,ограниченно пригодная,непригодная
57.108,38.877,68,непригодная,ограниченно пригодная,непригодная,непригодная,непригодная
58.135,37.808,48,ограниченно пригодная,ограниченно пригодная,ограниченно пригодная,ограниченно пригодная,непригодная
57.836,37.611,78,ограниченно пригодная,ограниченно пригодная,ограниченно пригодная,ограниченно пригодная,непригодная
56.639,38.924,81,ограниченно пригодная,ограниченно пригодная,ограниченно пригодная,ограниченно пригодная,непригодная
58.305,38.391,49,непригодная,непригодная,непригодная,ограниченно пригодная,непригодная
57.177,39.125,61,ограниченно пригодная,ограниченно пригодная,ограниченно пригодная,непригодная,непригодная
57.987,38.746,68,ограниченно пригодная,ограниченно пригодная,ограниченно пригодная,ограниченно пригодная,непригодная
57.769,38.255,73,ограниченно пригодная,ограниченно пригодная,ограниченно пригодная,ограниченно пригодная,непригодная
57.987,39.555,65,ограниченно пригодная,ограниченно пригодная,ограниченно пригодная,ограниченно пригодная,непригодная
56.883,39.173,51,ограниченно пригодная,ограниченно пригодная,ограниченно пригодная,ограниченно пригодная,непригодная
57.741,40.393,61,ограниченно пригодная,ограниченно пригодная,ограниченно пригодная,подходящая,непригодная
58.716,39.033,49,непригодная,непригодная,непригодная,ограниченно пригодная,непригодная
58.462,38.09,52,ограниченно пригодная,ограниченно пригодная,ограниченно пригодная,ограниченно пригодная,непригодная
58.221,39.862,53,ограниченно пригодная,ограниченно пригодная,ограниченно пригодная,ограниченно пригодная,непригодная
57.495,38.45,73,ограниченно пригодная,ограниченно пригодная,ограниченно пригодная,ограниченно пригодная,непригодная
58.568,40.099,48,ограниченно пригодная,ограниченно пригодная,ограниченно пригодная,непригодная,непригодная
58.348,40.479,48,непригодная,ограниченно пригодная,непригодная,непригодная,непригодная
56.599,38.899,70,ограниченно пригодная,ограниченно пригодная,ограниченно пригодная,ограниченно пригодная,непригодная
57.215,40.02,66,непригодная,ограниченно пригодная,непригодная,непригодная,непригодная
57.791,38.151,66,ограниченно пригодная,ограниченно пригодная,ограниченно пригодная,ограниченно пригодная,непригодная
58.544,39.591,49,непригодная,ограниченно пригодная,непригодная,непригодная,непригодная
56.921,39.202,58,ограниченно пригодная,ограниченно пригодная,ограниченно пригодная,ограниченно пригодная,непригодная
58.608,38.73,44,ограниченно пригодная,ограниченно пригодная,ограниченно пригодная,ограниченно пригодная,непригодная
56.881,38.759,68,непригодная,ограниченно пригодная,непригодная,непригодная,непригодная
57.922,40.459,64,ограниченно пригодная,ограниченно пригодная,ограниченно пригодная,ограниченно пригодная,непригодная
57.918,39.166,52,ограниченно пригодная,ограниченно пригодная,ограниченно пригодная,ограниченно пригодная,непригодная
58.431,38.746,49,ограниченно пригодная,ограниченно пригодная,ограниченно пригодная,ограниченно пригодная,непригодная
57.511,38.285,68,непригодная,ограниченно пригодная,непригодная,непригодная,непригодная
57.746,37.731,68,ограниченно пригодная,ограниченно пригодная,ограниченно пригодная,подходящая,ограниченно пригодная
58.228,40.459,48,ограниченно пригодная,ограниченно пригодная,ограниченно пригодная,непригодная,непригодная
57.906,39.369,65,ограниченно пригодная,ограниченно пригодная,ограниченно пригодная,ограниченно пригодная,непригодная
57.151,38.445,68,ограниченно пригодная,ограниченно пригодная,ограниченно пригодная,ограниченно пригодная,непригодная
58.085,38.086,49,ограниченно пригодная,ограниченно пригодная,ограниченно пригодная,ограниченно пригодная,непригодная
58.097,38.599,46,ограниченно пригодная,ограниченно пригодная,ограниченно пригодная,ограниченно пригодная,непригодная
56.888,38.504,61,ограниченно пригодная,ограниченно пригодная,ограниченно пригодная,ограниченно пригодная,непригодная
58.075,38.26,52,ограниченно пригодная,ограниченно пригодная,ограниченно пригодная,ограниченно пригодная,непригодная
57.571,38.389,71,непригодная,ограниченно пригодная,непригодная,непригодная,непригодная
57.903,39.478,63,ограниченно пригодная,ограниченно пригодная,ограниченно пригодная,ограниченно пригодная,непригодная
58.708,39.419,49,ограниченно пригодная,ограниченно пригодная,ограниченно пригодная,ограниченно пригодная,непригодная
57.786,37.55,78,ограниченно пригодная,ограниченно пригодная,ограниченно пригодная,ограниченно пригодная,непригодная
57.48,39.01,61,ограниченно пригодная,ограниченно пригодная,ограниченно пригодная,непригодная,непригодная
58.209,38.696,48,непригодная,непригодная,непригодная,ограниченно пригодная,непригодная
58.458,40.902,52,ограниченно пригодная,ограниченно пригодная,ограниченно пригодная,ограниченно пригодная,непригодная
58.295,41.053,58,ограниченно пригодная,ограниченно пригодная,ограниченно пригодная,ограниченно пригодная,непригодная
57.55,38.025,68,ограниченно пригодная,ограниченно пригодная,ограниченно пригодная,ограниченно пригодная,непригодная
58.436,38.805,49,непригодная,непригодная,непригодная,ограниченно пригодная,непригодная
57.633,38.339,73,ограниченно пригодная,ограниченно пригодная,ограниченно пригодная,ограниченно пригодная,непригодная
57.37,38.124,71,непригодная,ограниченно пригодная,непригодная,непригодная,непригодная
58.14,38.927,52,ограниченно пригодная,ограниченно пригодная,ограниченно пригодная,ограниченно пригодная,непригодная
58.72,39.209,48,ограниченно пригодная,ограниченно пригодная,ограниченно пригодная,ограниченно пригодная,непригодная
57.91,38.231,68,ограниченно пригодная,ограниченно пригодная,ограниченно пригодная,ограниченно пригодная,непригодная
57.839,38.843,68,ограниченно пригодная,ограниченно пригодная,ограниченно пригодная,ограниченно пригодная,непригодная
57.581,40.366,69,ограниченно пригодная,ограниченно пригодная,ограниченно пригодная,подходящая,непригодная
57.509,40.219,69,ограниченно пригодная,ограниченно пригодная,ограниченно пригодная,ограниченно пригодная,непригодная
58.266,37.763,44,ограниченно пригодная,ограниченно пригодная,ограниченно пригодная,ограниченно пригодная,непригодная
58.544,39.537,48,непригодная,ограниченно пригодная,непригодная,непригодная,непригодная
57.239,39.539,68,ограниченно пригодная,ограниченно пригодная,ограниченно пригодная,ограниченно пригодная,непригодная
57.437,38.305,73,ограниченно пригодная,ограниченно пригодная,ограниченно пригодная,ограниченно пригодная,непригодная
57.234,39.837,61,ограниченно пригодная,ограниченно пригодная,ограниченно пригодная,непригодная,непригодная
58.085,39.779,53,ограниченно пригодная,ограниченно пригодная,ограниченно пригодная,ограниченно пригодная,непригодная
57.865,39.616,70,ограниченно пригодная,ограниченно пригодная,ограниченно пригодная,ограниченно пригодная,непригодная
58.47,40.843,48,непригодная,ограниченно пригодная,непригодная,непригодная,непригодная
56.713,38.746,76,ограниченно пригодная,ограниченно пригодная,ограниченно пригодная,ограниченно пригодная,непригодная
57.005,38.603,66,ограниченно пригодная,ограниченно пригодная,ограниченно пригодная,ограниченно пригодная,непригодная
58.448,38.617,53,ограниченно пригодная,ограниченно пригодная,ограниченно пригодная,ограниченно пригодная,непригодная
57.86,38.664,68,ограниченно пригодная,ограниченно пригодная,ограниченно пригодная,ограниченно пригодная,непригодная
58.238,39.028,45,ограниченно пригодная,ограниченно пригодная,ограниченно пригодная,ограниченно пригодная,непригодная
57.872,38.016,73,ограниченно пригодная,ограниченно пригодная,ограниченно пригодная,подходящая,непригодная
58.501,40.861,48,непригодная,ограниченно пригодная,непригодная,непригодная,непригодная
57.855,39.033,70,ограниченно пригодная,ограниченно пригодная,ограниченно пригодная,ограниченно пригодная,непригодная
57.648,38.316,68,ограниченно пригодная,ограниченно пригодная,ограниченно пригодная,ограниченно пригодная,непригодная
58.042,38.847,52,ограниченно пригодная,ограниченно пригодная,ограниченно пригодная,ограниченно пригодная,непригодная
57.633,37.844,73,ограниченно пригодная,ограниченно пригодная,ограниченно пригодная,ограниченно пригодная,непригодная
58.427,40.791,48,непригодная,ограниченно пригодная,непригодная,непригодная,непригодная
56.661,38.929,66,ограниченно пригодная,ограниченно пригодная,ограниченно пригодная,ограниченно пригодная,непригодная
56.663,39.006,73,ограниченно пригодная,ограниченно пригодная,ограниченно пригодная,ограниченно пригодная,непригодная
58.183,37.663,44,ограниченно пригодная,ограниченно пригодная,ограниченно пригодная,ограниченно пригодная,непригодная
57.789,38.106,68,ограниченно пригодная,ограниченно пригодная,ограниченно пригодная,ограниченно пригодная,непригодная
57.282,39.808,58,ограниченно пригодная,ограниченно пригодная,ограниченно пригодная,непригодная,непригодная
58.403,38.07,44,непригодная,непригодная,непригодная,ограниченно пригодная,непригодная
58.443,38.75,49,ограниченно пригодная,ограниченно пригодная,ограниченно пригодная,ограниченно пригодная,непригодная
56.857,39.173,68,ограниченно пригодная,ограниченно пригодная,ограниченно пригодная,подходящая,ограниченно пригодная
58.513,38.188,52,ограниченно пригодная,ограниченно пригодная,ограниченно пригодная,ограниченно пригодная,непригодная
58.405,37.853,44,непригодная,непригодная,непригодная,ограниченно пригодная,непригодная
58.861,39.582,48,ограниченно пригодная,ограниченно пригодная,ограниченно пригодная,ограниченно пригодная,непригодная
58.092,38.879,48,непригодная,ограниченно пригодная,непригодная,непригодная,непригодная
57.777,38.689,73,непригодная,ограниченно пригодная,непригодная,непригодная,непригодная
57.832,39.189,70,ограниченно пригодная,ограниченно пригодная,ограниченно пригодная,непригодная,непригодная
58.615,38.762,48,непригодная,непригодная,непригодная,ограниченно пригодная,непригодная
56.955,39.236,58,ограниченно пригодная,ограниченно пригодная,ограниченно пригодная,ограниченно пригодная,непригодная
57.937,40.296,64,ограниченно пригодная,ограниченно пригодная,ограниченно пригодная,ограниченно пригодная,непригодная
57.327,39.503,63,ограниченно пригодная,ограниченно пригодная,ограниченно пригодная,подходящая,непригодная
56.95,38.662,66,непригодная,ограниченно пригодная,непригодная,непригодная,непригодная
57.834,37.81,73,ограниченно пригодная,ограниченно пригодная,ограниченно пригодная,ограниченно пригодная,непригодная
58.324,41.049,68,ограниченно пригодная,ограниченно пригодная,ограниченно пригодная,непригодная,непригодная
58.054,39.953,49,ограниченно пригодная,ограниченно пригодная,ограниченно пригодная,непригодная,непригодная
58.235,39.496,45,ограниченно пригодная,ограниченно пригодная,ограниченно пригодная,ограниченно пригодная,непригодная
57.939,38.104,68,ограниченно пригодная,ограниченно пригодная,ограниченно пригодная,ограниченно пригодная,непригодная
57.889,38.346,73,ограниченно пригодная,ограниченно пригодная,ограниченно пригодная,ограниченно пригодная,непригодная
58.658,38.28,48,ограниченно пригодная,ограниченно пригодная,ограниченно пригодная,непригодная,непригодная
56.823,38.78,68,подходящая,подходящая,подходящая,ограниченно пригодная,ограниченно пригодная
58.453,40.063,48,непригодная,непригодная,непригодная,непригодная,непригодная
57.447,40.056,61,ограниченно пригодная,ограниченно пригодная,ограниченно пригодная,подходящая,непригодная
58.692,39.656,53,ограниченно пригодная,ограниченно пригодная,ограниченно пригодная,ограниченно пригодная,непригодная
57.244,39.22,68,ограниченно пригодная,ограниченно пригодная,ограниченно пригодная,непригодная,непригодная
57.502,38.592,73,ограниченно пригодная,ограниченно пригодная,ограниченно пригодная,непригодная,непригодная
57.313,38.673,73,непригодная,ограниченно пригодная,непригодная,непригодная,непригодная
58.204,38.086,48,ограниченно пригодная,ограниченно пригодная,ограниченно пригодная,ограниченно пригодная,непригодная
57.554,40.095,66,ограниченно пригодная,ограниченно пригодная,ограниченно пригодная,непригодная,непригодная
56.572,39.277,71,ограниченно пригодная,ограниченно пригодная,ограниченно пригодная,ограниченно пригодная,непригодная
58.319,41.116,63,ограниченно пригодная,ограниченно пригодная,ограниченно пригодная,ограниченно пригодная,непригодная
57.846,37.991,73,ограниченно пригодная,ограниченно пригодная,ограниченно пригодная,ограниченно пригодная,непригодная
58.493,38.531,70,ограниченно пригодная,ограниченно пригодная,ограниченно пригодная,подходящая,непригодная
56.928,38.897,66,ограниченно пригодная,ограниченно пригодная,ограниченно пригодная,ограниченно пригодная,непригодная
58.716,38.201,52,ограниченно пригодная,ограниченно пригодная,ограниченно пригодная,ограниченно пригодная,непригодная
58.035,39.93,45,ограниченно пригодная,ограниченно пригодная,ограниченно пригодная,ограниченно пригодная,непригодная
58.663,38.339,49,ограниченно пригодная,ограниченно пригодная,ограниченно пригодная,ограниченно пригодная,непригодная
56.904,39.397,61,ограниченно пригодная,ограниченно пригодная,ограниченно пригодная,подходящая,непригодная
58.111,40.556,44,ограниченно пригодная,ограниченно пригодная,ограниченно пригодная,ограниченно пригодная,непригодная
56.883,39.021,61,ограниченно пригодная,ограниченно пригодная,ограниченно пригодная,непригодная,непригодная
58.254,38.538,48,непригодная,непригодная,непригодная,непригодная,непригодная
58.816,39.123,48,непригодная,ограниченно пригодная,непригодная,непригодная,непригодная
58.589,38.791,48,ограниченно пригодная,ограниченно пригодная,ограниченно пригодная,ограниченно пригодная,непригодная
58.29,39.324,45,ограниченно пригодная,ограниченно пригодная,ограниченно пригодная,ограниченно пригодная,непригодная
58.14,40.703,48,ограниченно пригодная,ограниченно пригодная,ограниченно пригодная,непригодная,непригодная
58.247,40.823,52,ограниченно пригодная,ограниченно пригодная,ограниченно пригодная,ограниченно пригодная,непригодная
58.314,40.321,48,ограниченно пригодная,ограниченно пригодная,ограниченно пригодная,ограниченно пригодная,непригодная
56.787,39.313,71,ограниченно пригодная,ограниченно пригодная,ограниченно пригодная,подходящая,непригодная
57.836,39.089,52,ограниченно пригодная,ограниченно пригодная,ограниченно пригодная,ограниченно пригодная,непригодная
58.044,40.678,48,ограниченно пригодная,ограниченно пригодная,ограниченно пригодная,подходящая,непригодная
56.618,38.707,71,ограниченно пригодная,ограниченно пригодная,ограниченно пригодная,непригодная,непригодная
58.087,39.878,52,ограниченно пригодная,ограниченно пригодная,ограниченно пригодная,ограниченно пригодная,непригодная
57.49,38.938,68,ограниченно пригодная,ограниченно пригодная,ограниченно пригодная,непригодная,непригодная
57.652,38.156,73,ограниченно пригодная,ограниченно пригодная,ограниченно пригодная,ограниченно пригодная,непригодная
58.503,38.041,48,ограниченно пригодная,ограниченно пригодная,ограниченно пригодная,ограниченно пригодная,непригодная
58.651,39.019,53,непригодная,ограниченно пригодная,непригодная,непригодная,непригодная
57.452,40.425,61,ограниченно пригодная,ограниченно пригодная,ограниченно пригодная,ограниченно пригодная,непригодная
58.405,39.469,45,ограниченно пригодная,ограниченно пригодная,ограниченно пригодная,ограниченно пригодная,непригодная
58.114,38.133,50,ограниченно пригодная,ограниченно пригодная,ограниченно пригодная,непригодная,непригодная
57.392,38.294,73,непригодная,ограниченно пригодная,непригодная,непригодная,непригодная
56.921,39.277,61,ограниченно пригодная,ограниченно пригодная,ограниченно пригодная,ограниченно пригодная,непригодная
56.857,38.31,66,ограниченно пригодная,ограниченно пригодная,ограниченно пригодная,подходящая,непригодная
58.357,39.88,49,непригодная,ограниченно пригодная,непригодная,непригодная,непригодная
58.018,40.095,52,ограниченно пригодная,ограниченно пригодная,ограниченно пригодная,ограниченно пригодная,непригодная
58.603,39.729,53,ограниченно пригодная,ограниченно пригодная,ограниченно пригодная,ограниченно пригодная,непригодная
57.877,38.54,73,ограниченно пригодная,ограниченно пригодная,ограниченно пригодная,ограниченно пригодная,непригодная
58.484,40.689,52,ограниченно пригодная,ограниченно пригодная,ограниченно пригодная,ограниченно пригодная,непригодная
57.241,40.108,69,ограниченно пригодная,ограниченно пригодная,ограниченно пригодная,подходящая,ограниченно пригодная
57.638,38.845,73,ограниченно пригодная,ограниченно пригодная,ограниченно пригодная,непригодная,непригодная
57.38,40.344,69,ограниченно пригодная,ограниченно пригодная,ограниченно пригодная,ограниченно пригодная,непригодная
56.885,38.929,73,ограниченно пригодная,ограниченно пригодная,ограниченно пригодная,непригодная,непригодная
58.694,39.236,44,ограниченно пригодная,ограниченно пригодная,ограниченно пригодная,ограниченно пригодная,непригодная
58.491,38.633,62,ограниченно пригодная,ограниченно пригодная,ограниченно пригодная,ограниченно пригодная,непригодная
58.059,38.301,44,ограниченно пригодная,ограниченно пригодная,ограниченно пригодная,ограниченно пригодная,непригодная
57.005,38.549,68,ограниченно пригодная,ограниченно пригодная,ограниченно пригодная,ограниченно пригодная,непригодная
58.458,39.424,49,ограниченно пригодная,ограниченно пригодная,ограниченно пригодная,ограниченно пригодная,непригодная
57.337,40.224,69,ограниченно пригодная,ограниченно пригодная,ограниченно пригодная,непригодная,непригодная
57.769,39.408,60,ограниченно пригодная,ограниченно пригодная,ограниченно пригодная,непригодная,непригодная
57.547,38.913,68,ограниченно пригодная,ограниченно пригодная,ограниченно пригодная,ограниченно пригодная,непригодная
57.292,38.601,73,непригодная,ограниченно пригодная,непригодная,непригодная,непригодная
56.94,38.384,71,ограниченно пригодная,ограниченно пригодная,ограниченно пригодная,непригодная,непригодная
57.624,37.923,73,ограниченно пригодная,ограниченно пригодная,ограниченно пригодная,ограниченно пригодная,непригодная
57.722,39.79,70,ограниченно пригодная,ограниченно пригодная,ограниченно пригодная,ограниченно пригодная,непригодная
58.579,39.053,44,непригодная,непригодная,непригодная,непригодная,непригодная
58.391,39.272,44,ограниченно пригодная,ограниченно пригодная,ограниченно пригодная,ограниченно пригодная,непригодная
57.062,39.146,68,непригодная,ограниченно пригодная,непригодная,непригодная,непригодная
57.566,38.823,68,ограниченно пригодная,ограниченно пригодная,ограниченно пригодная,непригодная,непригодная
57.005,38.585,73,ограниченно пригодная,ограниченно пригодная,ограниченно пригодная,ограниченно пригодная,непригодная
58.145,38.96,48,ограниченно пригодная,ограниченно пригодная,ограниченно пригодная,ограниченно пригодная,непригодная
58.066,39.745,48,ограниченно пригодная,ограниченно пригодная,ограниченно пригодная,ограниченно пригодная,непригодная
57.841,38.994,75,ограниченно пригодная,ограниченно пригодная,ограниченно пригодная,ограниченно пригодная,непригодная
58.529,38.111,48,ограниченно пригодная,ограниченно пригодная,ограниченно пригодная,ограниченно пригодная,непригодная
58.458,39.62,48,ограниченно пригодная,ограниченно пригодная,ограниченно пригодная,ограниченно пригодная,непригодная
57.798,38.61,73,ограниченно пригодная,ограниченно пригодная,ограниченно пригодная,ограниченно пригодная,непригодная
57.846,37.98,73,ограниченно пригодная,ограниченно пригодная,ограниченно пригодная,ограниченно пригодная,непригодная
57.609,38.063,68,ограниченно пригодная,ограниченно пригодная,ограниченно пригодная,ограниченно пригодная,непригодная
58.563,39.53,52,ограниченно пригодная,ограниченно пригодная,ограниченно пригодная,непригодная,непригодная
58.18,40.242,45,ограниченно пригодная,ограниченно пригодная,ограниченно пригодная,непригодная,непригодная
58.395,39.65,48,непригодная,ограниченно пригодная,непригодная,непригодная,непригодная
57.167,39.469,66,ограниченно пригодная,ограниченно пригодная,ограниченно пригодная,ограниченно пригодная,непригодная
56.974,38.816,71,ограниченно пригодная,ограниченно пригодная,ограниченно пригодная,ограниченно пригодная,непригодная
57.041,38.841,73,ограниченно пригодная,ограниченно пригодная,ограниченно пригодная,ограниченно пригодная,непригодная
58.692,39.686,49,непригодная,ограниченно пригодная,непригодная,непригодная,непригодная
58.231,37.62,44,непригодная,непригодная,непригодная,ограниченно пригодная,непригодная
58.102,38.249,52,ограниченно пригодная,ограниченно пригодная,ограниченно пригодная,подходящая,непригодная
57.956,39.153,61,ограниченно пригодная,ограниченно пригодная,ограниченно пригодная,ограниченно пригодная,непригодная
58.164,39.369,49,ограниченно пригодная,ограниченно пригодная,ограниченно пригодная,непригодная,непригодная
58.329,38.522,48,непригодная,непригодная,непригодная,ограниченно пригодная,непригодная
57.875,40.285,69,непригодная,ограниченно пригодная,непригодная,непригодная,непригодная
58.173,39.932,53,ограниченно пригодная,ограниченно пригодная,ограниченно пригодная,непригодная,непригодная
57.853,37.498,73,ограниченно пригодная,ограниченно пригодная,ограниченно пригодная,ограниченно пригодная,непригодная
58.183,38.395,53,ограниченно пригодная,ограниченно пригодная,ограниченно пригодная,ограниченно пригодная,непригодная
57.057,38.999,73,непригодная,ограниченно пригодная,непригодная,непригодная,непригодная
57.308,40.19,69,ограниченно пригодная,ограниченно пригодная,ограниченно пригодная,непригодная,непригодная
57.786,37.675,73,ограниченно пригодная,ограниченно пригодная,ограниченно пригодная,подходящая,непригодная
58.302,41.132,58,непригодная,непригодная,непригодная,непригодная,непригодная
58.297,39.363,45,ограниченно пригодная,ограниченно пригодная,ограниченно пригодная,непригодная,непригодная
58.164,39.096,48,непригодная,ограниченно пригодная,непригодная,непригодная,непригодная
57.982,39.984,58,ограниченно пригодная,ограниченно пригодная,ограниченно пригодная,ограниченно пригодная,непригодная
